1mattemask	FxFactory ??????After Effects 雿?蝷?This product is no longer available嚗惇?撌亙
2d-ring-wipes	Final Cut Pro X 專用轉場素材
2d-ring-wipes	Final Cut Pro X 撠頧蝝?
2d-special-effects-for-animation-composer	已停售，且為 Animation Composer 用的預設/素材包
2d-special-effects-for-animation-composer	撌脣??殷?銝 Animation Composer ?函??身/蝝???
3d-bevel	摰??蝷箏歇?嚗iscontinued嚗?
3d-layer-distributor	璆萄???穿??芸? 3D 蝛粹??冽???嚗??賢鋡急?極?瑕?隞?
3d-paper-jam	?桐?鋆ˇ?扳???璆萄???
3d-presets-for-element-3d	Element 3D ??閮剖?嚗?撌亙?祈澈
3d-bevel	官方頁標示已停售（discontinued）
3d-layer-distributor	極小型腳本，只做 3D 空間隨機分佈，功能可被既有工具取代
3d-paper-jam	單一裝飾性效果，極小眾
3d-presets-for-element-3d	Element 3D 的預設包，非工具本身
3d-splitter	極小型單一功能腳本，與已收錄的切割/彎曲工具重複
3d-splitter	璆萄??銝??單嚗?撌脫???/敶撌亙??
3d-text-creator	???3D Letters Animator ??嚗?????撅文?雿?
3d-widgets	摰??蝷箏歇?嚗iscontinued嚗?
8mm-distress-kit-4k-classic	8mm ?蝝??????極??
8mm-distress-kit-4k-premium	8mm ?蝝??????極??
activatedisabledexpressions	璆萄??銝??單嚗??啣??刻◤???蝞?嚗?
add-anchor-point	摰??誨??嚗銝撖阡??隤芣?
3d-text-creator	功能與 3D Letters Animator 重複，且僅做文字層分佈
3d-video-polygons	摰?Ｗ??? Works in ?? Final Cut Pro嚗???After Effects ?舀
3d-widgets	官方頁標示已停售（discontinued）
8mm-distress-kit-4k-classic	8mm 膠卷素材包，非外掛工具
8mm-distress-kit-4k-premium	8mm 膠卷素材包，非外掛工具
Color-Genius-App	摰?Ｗ?蝝Ｗ??內??Color Genius standalone app嚗fter Effects 憭???Color Genius 撌脣?迤撘???
pv-feather	摰?Ｗ?蝝Ｗ??內 DISCONTINUED嚗??園??撌亙
Twixtor-App	摰?Ｗ?蝝Ｗ??內??standalone Twixtor App嚗??祈??澈?園???After Effects 憭?璇
accentize-deroom	Accentize DeRoom：音訊去殘響外掛，非視覺效果，官方頁未列 After Effects host
accentize-dialogueenhance	Accentize DialogueEnhance：音訊人聲增強外掛，非視覺效果，官方頁未列 After Effects host
accentize-dxrevive	Accentize dxRevive：音訊修復外掛（語音降噪），非視覺效果，官方頁未列 After Effects host
activatedisabledexpressions	極小型單一功能腳本（重新啟用被停用的運算式）
active-transitions	摰?Ｗ??? Works in ?? Final Cut Pro嚗???質??飛銋?摰?Final Cut Pro
add-anchor-point	官方頁只有廣告詞，查不到實際功能說明
add-edit-markers	極小型單一功能腳本（在出入點加標記）
add-edit-markers	璆萄??銝??單嚗?箏暺?璅?嚗?
add-parented-null-to-selected-layers	璆萄???穿?AE ?批遣??極?瑕?誨
add-parented-null-to-selected-layers	極小型腳本，AE 內建與既有工具可取代
adobe-advanced-3d-depth-of-field-26-3	Adobe 摰? Advanced 3D 蝞??函??舀楛撅祆改?銝 Effect ?Ｘ銝剔??函???嚗??Depth of Field嚗amera Lens Blur 撌脫??
adobe-median-legacy	Adobe 摰撠迨????Legacy嚗??賢歇?梁銵?Median 瘨菔?嚗???銴?????
adobe-basic-3d-obsolete	Adobe 摰? Obsolete ??嚗?箄?撠??詨捆嚗銵?3D 撌亙撌脫項??
adobe-basic-text-obsolete	Adobe 摰? Obsolete ??嚗?箄?撠??詨捆嚗銵?摮?撅文歇?誨?嗅???
adobe-color-key-obsolete	Adobe 摰? Obsolete ??嚗?箄?撠??詨捆嚗銵?Keylight ??萄極?瑕歇?誨
adobe-gaussian-blur-legacy	Adobe 摰? Obsolete ??嚗蒂?內?曇? Gaussian Blur ?箸隞????
adobe-lightning-obsolete	Adobe 摰? Obsolete ??嚗?箄?撠??詨捆嚗銵?Advanced Lightning 撌脣?隞?
adobe-luma-key-obsolete	Adobe 摰? Obsolete ??嚗?箄?撠??詨捆嚗銵漁摨阡?脩?撌乩?瘚?撌脣?隞?
adobe-path-text-obsolete	Adobe 摰? Obsolete ??嚗?箄?撠??詨捆嚗銵楝敺?摮??怠撌脣?隞?
adobe-reduce-interlace-flicker-obsolete	Adobe 摰? Obsolete ??嚗?箄?撠??詨捆嚗??璆萄???
adobe-spill-suppressor-obsolete	Adobe 摰? Obsolete ??嚗?箄?撠??詨捆嚗銵?Advanced Spill Suppressor 撌脣?隞?
adobe-linear-wipe	撌脩 builtin-ae.jsonl ??Linear/Radial Wipe ?蔥璇瘨菔?嚗?銝??迂???園?
adobe-object-matte-26-2	Adobe 摰? AI ?詨????Ｚ?餈質馱撌亙嚗???Effect ?Ｘ銝剔??批遣??嚗???澈銝?銝?砍??賣???????
adobe-parametric-meshes-26-0	Adobe 摰? 3D Mesh 撱箸芋?嚗??臬憟?撱箸???
adobe-substance-3d-materials-26-0	Adobe 摰? 3D ?釭撌乩?瘚?嚗??舐蝡撱箸???
adobe-quick-apply-26-2	Adobe 摰???銝血銵???閮剛??賭誘?極雿?蝔?銝???祇?
advanced-color-control	官方頁只有廣告詞，查不到實際功能說明
advanced-color-control	摰??誨??嚗銝撖阡??隤芣?
ae-benchmark	官方已停售，且官方說明指出基準測試結果不可靠
ae-benchmark	官方產品頁未提供可核實的實際功能說明，依規範不以名稱猜測收錄
ae-link-lightwave-to-after-effects-export	官方已停售，且主要是 LightWave 匯出橋接工具
ae-link-lightwave-to-after-effects-export	官方標示已停售，且是 LightWave 與 AE 之間的舊版橋接工具
ae-link-lightwave-to-after-effects-export	摰璅內撌脣??殷?銝 LightWave ??AE 銋??????亙極??
ae-shader-effector	摰璅內撌脣??殷??銝血遣霅唳?典隞?Effector 撌亙
ae-pixel-sorter-2	??銝??賢歇?梯??澈銝剔? Pixel Sorter 4 ?誨嚗????園?
ae-shader-effector	官方已停售，已有其他仍維護的 Effector 工具可替代
ae-shader-effector	官方標示已停售，頁面並建議改用其他 Effector 工具
ae-shapes-blender	形狀混合，與已收錄的 Super Morphings 重複
ae-shapes-blender	敶Ｙ?瘛瑕?嚗?撌脫?? Super Morphings ??
ae-sheets	AI 多語言在地化，與已收錄的 LingoFlip 重複
ae-sheets	AI 憭?閮?典???歇?園???LingoFlip ??
ae-spell-checker	?澆?瑼Ｘ?撌脣??怠撌脫?? Textlab Pro
ae-spell-checker	拼字檢查功能已包含在已收錄的 Textlab Pro
ae-suicide-after-effects-crash-recovery	??刻???macOS ??AE ?嗆?敺拙?嚗像?啗??券??潔噸??
aefx-shortcut-icons-and-profiles	Stream Deck嚗ouch Portal ??蝷箄?閮剖?瑼???撅祉???閮剖?瑼? AE 撌亙
ae-suicide-after-effects-crash-recovery	僅支援舊版 macOS 的當機復原輔助程式，適用性有限
ae-suicide-after-effects-crash-recovery	僅適用舊版 macOS 的 AE 當機復原，平台與用途過於侷限
aefocus	?舐蝡??Ｘ??函?撘??梯?瘚桀??Ｘ嚗?銝 AE 憭????
pioneer	MIDI ??/?憐???剁???AE 敶勗?鋆賭??⊿?
aefocus	是獨立桌面應用程式（隱藏浮動面板），不是 AE 外掛或腳本
aefx-shortcut-icons-and-profiles	Stream Deck／Touch Portal 的圖示與設定檔合集，屬素材／設定檔而非 AE 工具
aefx-shortcut-icons-and-profiles	快捷鍵圖示與設定檔素材，不是 AE 外掛或腳本工具
aemap	官方產品頁未提供可核實的實際功能說明，依規範不以名稱猜測收錄
aemap	摰?Ｗ?????舀撖衣?撖阡??隤芣?嚗?閬?銝誑?迂?葫?園?
aempeg	官方產品頁目前標示 No Longer Available，屬已停售工具
aempeg	摰?Ｗ????蝷?No Longer Available嚗惇撌脣??桀極??
bend-layers	摰?Ｗ???蝷?No Longer Available嚗惇撌脣??桀極??
blinky	摰?Ｗ???蝷?No Longer Available嚗??賢歇雿萄 TYPE嚗??Ｗ?撌脣???
captionlab	摰?Ｗ?????Premiere Pro嚗??桀?璅內 No Longer Available嚗??舀 After Effects
aeviewer	已收錄為 AEVIEWER Pro，不重複新增同一產品
aeviewer	撌脫? AEVIEWER Pro嚗????啣????Ｗ?
aeviewer	與已收錄的 AEVIEWER Pro 功能重複
after-ease	彈跳／彈性緩動，與已收錄的 OverAct／Kease 重複
after-ease	敶歲嚗??抒楨???歇?園???OverAct嚗ease ??
after-effects-pro-toolkit-for-stream-deck	Stream Deck ??閮剖?瑼???銝 AE 憭???砍極??
after-effects-shortcut-icons	Stream Deck嚗ouch Portal ?瑕??內?身摰?嚗惇蝝???
after-spell	??刻???AE CC 2015嚗??閮餅??桀??芣? macOS ?賣迤撣賊?雿?隞?”?找?頞?
afteremoji	摰璅內撌脣???
ai-color-match-pro	撌脫? AI Color Match嚗????啣????賜????
ai-relight	撌脫? AI Relight Pro嚗????啣????Ｗ?
after-effects-pro-toolkit-for-stream-deck	Stream Deck 預先設定檔合集，不是 AE 外掛或腳本工具
after-effects-pro-toolkit-for-stream-deck	Stream Deck 預先設定檔素材，不是 AE 外掛或腳本工具
after-effects-shortcut-icons	Stream Deck／Touch Portal 捷徑圖示與設定檔，屬素材包
after-effects-shortcut-icons	快捷鍵圖示素材，不是 AE 外掛或腳本工具
after-spell	僅適用舊版 AE CC 2015，且頁面註明目前只有 macOS 能正常運作，代表性不足
after-spell	官方標示目前僅 macOS 可正常使用，且主要針對舊版 AE CC 2015
afteremoji	官方已停售
afteremoji	官方標示已停售
ai-color-match-pro	已收錄為 AI Color Match，不重複新增同功能產品版本
ai-color-match-pro	與已收錄的 AI Color Match 功能高度重複
ai-relight	已收錄為 AI Relight Pro，不重複新增同一產品
ai-relight	與已收錄的 AI Relight Pro 功能高度重複
aibar	Adobe Illustrator 專用工具列，不支援 After Effects
aibar	Adobe Illustrator 專用工具，不支援 After Effects
aibar	Adobe Illustrator 撠撌亙??銝??After Effects
aibow-voice-gemini	Adobe Premiere Pro 專用語音合成外掛，不支援 After Effects
aibow-voice-gemini	Adobe Premiere Pro 專用語音合成工具，不支援 After Effects
aibow-voice-gemini	Adobe Premiere Pro 撠隤??憭?嚗??舀 After Effects
akuto	??摮??Ｗ?嚗惇摮?嚗??怎???? AE 撌亙
akuto	動態字型產品，屬字型／動畫素材而非通用 AE 工具
akuto	單一動態字型素材，不是通用 AE 外掛或腳本工具
align-pro	官方頁標示已停售（discontinued）
align-pro	摰??蝷箏歇?嚗iscontinued嚗?
smart-marker	璅?撌亙嚗?撌脫?? TimeMarker ??
anarchy-complete-bundle	套裝包；Beauty Box、Flicker Free、Samurai Sharpen、Light Wrap Fantastic 與 Data Storyteller 個別評估即可
anarchy-complete-bundle	憟???Beauty Box?licker Free?amurai Sharpen?ight Wrap Fantastic ??Data Storyteller ?閰摯?喳
anicons-the-animated-icon-library	動畫圖示素材庫，不是 AE 外掛或腳本工具
anicons-the-animated-icon-library	官方標示已停售，且屬動態圖示素材庫
anicons-the-animated-icon-library	摰璅內撌脣??殷?銝惇???內蝝?摨?
animated-textures-for-animation-composer	摰璅內撌脣??殷?銝惇 Animation Composer ??鞈芰???
animated-textures-for-animation-composer	Animation Composer 動畫紋理素材包，不是獨立工具
animated-textures-for-animation-composer	官方標示已停售，且屬 Animation Composer 的材質素材包
animation-composer	摰??璇隤芣?撌脫?蝷箏??殷?銝嚗??園? discontinued ?Ｗ?
animation-composer-pro	官方已停售，並已改為訂閱套裝
animation-composer-pro	官方標示已停售的套裝產品，不新增舊版 bundle
animation-composer-pro	摰璅內撌脣??桃?憟??Ｗ?嚗??啣??? bundle
animationpatterns	已收錄為 animationPATTERNSpro，不重複新增舊版產品
animationpatterns	撌脫? animationPATTERNSpro嚗????啣????Ｗ?
animography-amelie	?桐???摮?蝝?嚗??舫 AE 憭???砍極??
animography-anodine	?桐???摮?蝝?嚗??舫 AE 憭???砍極??
animography-bad-romance	摰璅內撌脣??殷?銝惇?桐???摮?蝝?
animography-amelie	單一動態字型素材，不是通用 AE 外掛或腳本工具
animography-anodine	單一動態字型素材，不是通用 AE 外掛或腳本工具
animography-bad-romance	單一動態字型素材，不是通用 AE 外掛或腳本工具
animography-bad-romance	官方標示已停售，且屬單一動態字型素材
animography-bahn	單一動態字型素材，不是通用 AE 外掛或腳本工具
animography-bahn	官方標示已停售，且屬單一動態字型素材
animography-bahn	摰璅內撌脣??殷?銝惇?桐???摮?蝝?
animography-barbour	?桐???摮?蝝?嚗??舫 AE 憭???砍極??
animography-basic-space	?桐?撖阡??批???????銝? AE 憭???砍極??
animography-binary	?桐???摮?蝝?嚗??舫 AE 憭???砍極??
animography-boomerang	?桐???摮?蝝?嚗??舫 AE 憭???砍極??
animography-burstype	?桐???摮?蝝????詨??怎???銝? AE 撌亙
animography-barbour	單一動態字型素材，不是通用 AE 外掛或腳本工具
animography-basic-space	單一動態字型素材，不是通用 AE 外掛或腳本工具
animography-basic-space	單一實驗性動態字型素材，不是通用 AE 外掛或腳本工具
animography-binary	單一動態字型素材，不是通用 AE 外掛或腳本工具
animography-boomerang	單一動態字型素材，不是通用 AE 外掛或腳本工具
animography-burstype	單一動態字型素材與爆炸動畫素材，不是通用 AE 工具
animography-burstype	單一動態字型素材，不是通用 AE 外掛或腳本工具
animography-cappuccino	?桐???摮?蝝?嚗??舫 AE 憭???砍極??
animography-enigma	?桐???摮?蝝?嚗??舫 AE 憭???砍極??
animography-explodots	?桐???摮?蝝?嚗??舫 AE 憭???砍極??
animography-fat-frank	?桐???摮?蝝?嚗??舫 AE 憭???砍極??
animography-fiesta	摰璅內撌脣??殷?銝惇?桐???摮?蝝?
animography-cappuccino	單一動態字型素材，不是通用 AE 外掛或腳本工具
animography-enigma	單一動態字型素材，不是通用 AE 外掛或腳本工具
animography-explodots	單一動態字型素材，不是通用 AE 外掛或腳本工具
animography-fat-frank	單一動態字型素材，不是通用 AE 外掛或腳本工具
animography-fiesta	單一動態字型素材，不是通用 AE 外掛或腳本工具
animography-fiesta	官方標示已停售，且屬單一動態字型素材
animography-friction	?桐???摮?蝝?嚗??舫 AE 憭???砍極??
animography-haywire	摰璅內撌脣??殷?銝惇?桐???摮?蝝?
animography-friction	單一動態字型素材，不是通用 AE 外掛或腳本工具
animography-haywire	單一動態字型素材，不是通用 AE 外掛或腳本工具
animography-haywire	官方標示已停售，且屬單一動態字型素材
animography-hotdish	單一動態字型素材，不是通用 AE 外掛或腳本工具
animography-hotdish	官方標示已停售，且屬單一動態字型素材
animography-hotdish	摰璅內撌脣??殷?銝惇?桐???摮?蝝?
animography-huboost	單一動態字型素材，不是通用 AE 外掛或腳本工具
animography-huboost	官方標示已停售，且屬單一動態字型素材
animography-huboost	摰璅內撌脣??殷?銝惇?桐???摮?蝝?
animography-indie	?桐???摮?蝝?嚗??舫 AE 憭???砍極??
animography-ink	?桐???摮?蝝?嚗??舫 AE 憭???砍極??
animography-isotype	?桐???摮?蝝?嚗??舫 AE 憭???砍極??
animography-jasper	摰璅內撌脫偶銋??塚?銝惇?桐???摮?蝝?
animography-indie	單一動態字型素材，不是通用 AE 外掛或腳本工具
animography-ink	單一動態字型素材，不是通用 AE 外掛或腳本工具
animography-isotype	單一動態字型素材，不是通用 AE 外掛或腳本工具
animography-jasper	單一動態字型素材，不是通用 AE 外掛或腳本工具
animography-jasper	官方標示已永久下架，且屬單一動態字型素材
animography-lasio-grotesk	單一動態字型素材，不是通用 AE 外掛或腳本工具
animography-lasio-grotesk	官方標示已永久下架，且屬單一動態字型素材
animography-lasio-grotesk	摰璅內撌脫偶銋??塚?銝惇?桐???摮?蝝?
animography-league-spartan	?桐???摮?蝝?嚗??舫 AE 憭???砍極??
animography-lovelo	?桐???摮?蝝?嚗??舫 AE 憭???砍極??
animography-madita	?桐???摮?蝝?嚗??舫 AE 憭???砍極??
animography-madrid	?桐???摮?蝝?嚗??舫 AE 憭???砍極??
animography-magnus	摰璅內撌脣??殷?銝惇?桐???摮?蝝?
animography-league-spartan	單一動態字型素材，不是通用 AE 外掛或腳本工具
animography-lovelo	單一動態字型素材，不是通用 AE 外掛或腳本工具
animography-madita	單一動態字型素材，不是通用 AE 外掛或腳本工具
animography-madrid	單一動態字型素材，不是通用 AE 外掛或腳本工具
animography-magnus	單一動態字型素材，不是通用 AE 外掛或腳本工具
animography-magnus	官方標示已停售，且屬單一動態字型素材
animography-mantis	單一動態字型素材，不是通用 AE 外掛或腳本工具
animography-mantis	官方標示已停售，且屬單一動態字型素材
animography-mantis	摰璅內撌脣??殷?銝惇?桐???摮?蝝?
animography-mobilo-regular	?桐???摮?蝝?嚗??舫 AE 憭???砍極??
animography-moldover	摰?Ｗ?????舀撖衣??隤芣?嚗?靘?頂??瑞??摮?蝝?
animography-mobilo-regular	單一動態字型素材，不是通用 AE 外掛或腳本工具
animography-moldover	單一動態字型素材，不是通用 AE 外掛或腳本工具
animography-moldover	官方產品頁未提供可核實的功能說明，且依產品系列判斷為動態字型素材
animography-moshun-2224	?桐???摮?蝝?嚗??舫 AE 憭???砍極??
animography-multicolore	?桐???摮?蝝?嚗??舫 AE 憭???砍極??
animography-novecento	摰璅內撌脫偶銋??塚?銝惇?桐???摮?蝝?
animography-moshun-2224	單一動態字型素材，不是通用 AE 外掛或腳本工具
animography-multicolore	單一動態字型素材，不是通用 AE 外掛或腳本工具
animography-novecento	單一動態字型素材，不是通用 AE 外掛或腳本工具
animography-novecento	官方標示已永久下架，且屬單一動態字型素材
animography-pincoya	單一動態字型素材，不是通用 AE 外掛或腳本工具
animography-pincoya	官方標示已停售，且屬單一動態字型素材
animography-pincoya	摰璅內撌脣??殷?銝惇?桐???摮?蝝?
animography-pixelar	?桐???摮?蝝?嚗??舫 AE 憭???砍極??
animography-radiate	?桐????摮?蝝?嚗??舫 AE 憭???砍極??
animography-razor	摰璅內撌脫偶銋??塚?銝惇?桐???摮?蝝?
animography-pixelar	單一動態字型素材，不是通用 AE 外掛或腳本工具
animography-radiate	單一動態字型素材，不是通用 AE 外掛或腳本工具
animography-radiate	單一霓虹動態字型素材，不是通用 AE 外掛或腳本工具
animography-razor	單一動態字型素材，不是通用 AE 外掛或腳本工具
animography-razor	官方標示已永久下架，且屬單一動態字型素材
animography-spirograph	單一動態字型素材，不是通用 AE 外掛或腳本工具
animography-spirograph	官方標示已停售，且屬單一動態字型素材
animography-spirograph	摰璅內撌脣??殷?銝惇?桐???摮?蝝?
animography-type-36	?桐???摮?蝝?嚗??舫 AE 憭???砍極??
counter-pro	?歇?園???Number Maker ?詨?閮?撘??怠??賡?摨阡?銴?
create3dshapes	?歇?園???3D Primitives Generator嚗?D Modeler 撟曆?擃????摨阡?銴?
cadence	?歇?園???VoxMark 隤頧?璅??擃漲??
animography-type-36	單一動態字型素材，不是通用 AE 外掛或腳本工具
animography-typogami	?桐? 2.5D ??摮?蝝?嚗??舫 AE 憭???砍極??
animography-voyager	?桐???摮?蝝?嚗??舫 AE 憭???砍極??
animography-webster	?桐???摮?蝝?嚗??舫 AE 憭???砍極??
any-shake	Premiere Pro 撠????嚗??舀 After Effects
animography-typogami	單一 2.5D 動態字型素材，不是通用 AE 外掛或腳本工具
animography-voyager	單一動態字型素材，不是通用 AE 外掛或腳本工具
animography-webster	單一動態字型素材，不是通用 AE 外掛或腳本工具
any-shake	Premiere Pro 專用晃動效果，不支援 After Effects
anyfx360	官方產品頁未提供可核實的實際功能說明，依規範不以名稱猜測收錄
anyfx360	摰?Ｗ?????舀撖衣?撖阡??隤芣?嚗?閬?銝誑?迂?葫?園?
aod-?銵???隞?撅祆??撌亙??鋆?嚗?瘝??舀撖衣?摰???p_textmask	?亦摰?Ｗ????⊥?撽?????AE ?詨捆??
arabictext-c4d	Cinema 4D 專用阿拉伯文字工具，不支援 After Effects
arabictext-c4d	Cinema 4D 撠?踵?隡舀?摮極?瘀?銝??After Effects
architect-pro	Premiere Pro 專用時間軸工具，不支援 After Effects
architect-pro	Premiere Pro 撠??頠詨極?瘀?銝??After Effects
arri-look-library	ARRI Look Library ?祈釭??LUT ?脣蔗?交銵典?嚗???撌亙
arri-look-library	摰?Ｗ?蝝Ｗ??內??look library嚗UT 憿??? Film Lab workflow嚗??舐蝡?After Effects 憭?
astleyizer	?犖?抵???Rick Astley ?銝?拍???嚗??賡??澆???
aura-render-only	Aura ??剔???甈?銝?函?憭??Ｗ?
astleyizer	把人物轉成 Rick Astley 的單一玩笑效果，功能過於小眾
audiogen-for-after-effects	??Audiogen AI ??摰?Ｗ???AE slug嚗?隞祥嚗?鞎餅?蝷箇霅啗?雿??銝???踹??拙??亦Ⅳ???弦
aura-render-only	Aura 的無頭算圖授權，不是獨立外掛產品
auraglow	官方產品頁未提供可核實的實際功能說明，依規範不以名稱猜測收錄
auraglow	摰?Ｗ?????舀撖衣?撖阡??隤芣?嚗?閬?銝誑?迂?葫?園?
auto-handwriting-rig-for-cinema-4d	Cinema 4D 專用手寫動畫綁定工具，不支援 After Effects
auto-handwriting-rig-for-cinema-4d	Cinema 4D 撠?神?蝬?撌亙嚗??舀 After Effects
auto-motion-tracker-for-objects	Premiere Pro 專用遮罩追蹤轉換工具，不支援 After Effects
auto-motion-tracker-for-objects	Premiere Pro 撠?桃蔗餈質馱頧?撌亙嚗??舀 After Effects
auto-subtitles	AEJuice ??????After Effects嚗???撱? Auto Captions ? AI 隤頧?甇伐???摮?嚗??賡?摨阡????祈憚靽???batch processing?rand settings?ustom dictionary ?憭?caption controls ??Auto Captions嚗??亥?鋆?
quick-folders	AEJuice ???祥撌亙????After Effects嚗銝?菟???projects?cripts?lugins ??render folders嚗????? Portal (Knights of the Editing Table) ????冗??撠??詨?頝臬????曉??賡?摨阡????思??衣?璇
autocircularmotion	???嚗?撌脫?? Orbit Script嚗ircle Rig Pro ??
autocircularmotion	圓周運動，與已收錄的 Orbit Script／Circle Rig Pro 重複
automated-video-editing-for-premiere-pro	Premiere Pro 專用自動剪輯工具，不支援 After Effects
automated-video-editing-for-premiere-pro	Premiere Pro 撠?芸??芾摩撌亙嚗??舀 After Effects
automation-blocks-for-premiere-pro	Premiere Pro 專用自動化工具，不支援 After Effects
automation-blocks-for-premiere-pro	Premiere Pro 撠?芸??極?瘀?銝??After Effects
automation-toolkit	已收錄為 Automation Toolkit Pro，不重複新增舊版產品
automation-toolkit	撌脫? Automation Toolkit Pro嚗????啣????Ｗ?
autosortbinspro	Premiere Pro 專用素材箱整理工具，不支援 After Effects
autosortbinspro	Premiere Pro 撠蝝?蝞望?極?瘀?銝??After Effects
avtic-auto	Premiere Pro 專用自動剪輯工具，不支援 After Effects
avtic-auto	Premiere Pro 撠?芸??芾摩撌亙嚗??舀 After Effects
avtic-for-davinci-resolve	DaVinci Resolve 專用工具，不支援 After Effects
avtic-for-davinci-resolve	DaVinci Resolve 撠撌亙嚗??舀 After Effects
awkward-pause	官方標示已停售
awkward-pause	摰璅內撌脣???
b-roll-genie	摰?Ｗ?????舀撖衣?撖阡??隤芣?嚗?閬?銝誑?迂?葫?園?
b-roll-genie	官方產品頁未提供可核實的實際功能說明，依規範不以名稱猜測收錄
backgrounds-2	官方標示已停售，且屬 Animation Composer 背景素材包
backgrounds-2	摰璅內撌脣??殷?銝惇 Animation Composer ?蝝???
backup-it	Premiere Pro 撠摨??遢撌亙嚗??舀 After Effects
backup-it	Premiere Pro 專用序列備份工具，不支援 After Effects
bad-tv	已收錄於 third-party.jsonl，不重複新增 aescripts 市集頁版本
bad-tv	撌脫? third-party.jsonl嚗????啣? aescripts 撣?????
bad-tv-render-only	Bad TV ??剔???甈?銝?函?憭??Ｗ?
bad-tv-render-only	Bad TV 的無頭算圖授權，不是獨立外掛產品
batch-markers-for-cavalry	Cavalry 專用時間標記工具，不支援 After Effects
batch-markers-for-cavalry	Cavalry 撠??璅?撌亙嚗??舀 After Effects
batch-processor-for-cinema-4d	Cinema 4D 專用 3D 格式批次轉換工具，不支援 After Effects
batch-processor-for-cinema-4d	Cinema 4D 撠 3D ?澆??寞活頧?撌亙嚗??舀 After Effects
bbtools-glow-and-glare	Photoshop 專用外掛，不支援 After Effects
bbtools-glow-and-glare	Photoshop 撠憭?嚗??舀 After Effects
bbtools-shadow	Photoshop 專用外掛，不支援 After Effects
bbtools-shadow	Photoshop 撠憭?嚗??舀 After Effects
bbtools-tiler	Photoshop 專用外掛，不支援 After Effects
bbtools-tiler	Photoshop 撠憭?嚗??舀 After Effects
beatedit-for-audition	Audition 專用
beatedit-for-audition	Audition 撠
beatedit-for-davinci-resolve	DaVinci Resolve 專用版本，不支援 After Effects
beatedit-for-davinci-resolve	DaVinci Resolve 撠?嚗??舀 After Effects
beatedit-for-premiere-pro	Premiere Pro 專用版本；AE 版另行以現有條目為準
beatedit-for-premiere-pro	Premiere Pro 撠?嚗E ?銵誑?暹?璇?箸?
bend-layers	官方產品頁標示 No Longer Available，屬已停售工具
beziyay	貝茲手柄視覺化，僅用於教學圖解，極小眾
beziyay	鞎??閬死????潭?摮詨?閫??璆萄???
colorama-browser	摰?歇?寧 GradientHub嚗?銝?Ｗ???嚗radientHub 撌脫??
more-lively-text	?乩??唬遙雿??寧???牧??
mobar	摰??蝷箏歇銝嚗o longer available嚗?
dither-decay	??????歇?園???RetroDither嚗ixel Encoder ??
blacklight-composite-suite	摰??蝷箇 Color Match Analyzer?mart Matte Choker?ill Matte Holes 銝極?瑕?鋆?嚗?閬?銝誑?游??園?
blasterbolt	FxFactory ??????After Effects 雿?蝷?This product is no longer available嚗惇?撌亙
blend	?臬撌亙?文?撌脰? builtin-ae.jsonl ??Blend 璇??嚗??西??園? aescripts ?
blend	匯入工具判定已與 builtin-ae.jsonl 的 Blend 條目重複，不另行收錄 aescripts 版本
blenderae	已收錄於 third-party.jsonl，不重複新增 aescripts 市集頁版本
blenderae	撌脫? third-party.jsonl嚗????啣? aescripts 撣?????
blueprint	銝餉???AE ??Bodymovin 鋆賭? CasparCG HTML 撱?璅⊥嚗indows ??銝???澆??
blinding-lights	摰?Ｗ??? Works in ?? Final Cut Pro嚗???質??飛銋?摰?Final Cut Pro
blinky	官方產品頁標示 No Longer Available，功能已併入 TYPE，原產品已停售
blob-it	?歇?園???CC Blobbylize?olloid 蝑?瘨莎???撘?璈?敶Ｗ??賡?摨阡?銴?
box-it	?歇?園???TextBox 2?nimated TextBlock ???芷??摮??擃漲??
blueprint	主要用 AE 與 Bodymovin 製作 CasparCG HTML 廣播模板，Windows 限定且用途過於專門
boardfish	官方標示已下架，且是獨立的 Mac 分鏡排版程式
boardfish	摰璅內撌脖??塚?銝?函???Mac ???蝔?
bodymovin	摰 GitHub嚗dobe Exchange 撠???Bodymovin 撌脣??冽 aescripts.jsonl ?odymovin - Lottie?????孵??質? URL 銝?銴憓?
motion-factory-file-manager	摰 Adobe Exchange ? 3.3.7 ?敺?唳 2021 撟湛?餈?閰??撠???After Effects 銝摰對?閬蝬剛風嚗摰寞找?頞唾??
motion-factory	摰?曇??Ｗ?銝餉??舀芋?踴UT?FX???渲??單?蝝???嚗??勗?隞塚?撅?bundle嚗???嚗?隞交擃?憓極?瑟???
guide-layout-for-after-effects	?芣? Adobe Exchange marketplace ??舀撖佗??芣?啣颲刻???撱???辣?????曇? GuideGuide 撌脫?摰??????踹?撘曹?皞?餈?銴?
audiogen-ai	摰??詨祕 After Effects ??頧??喉?甇?嚗? Adobe Exchange 閰???1.8嚗?嚗?憭?雿輻???勗?鞎餅?蝷箄?撖阡?? API key嚗??曹?銝?湛??祈憚?思??園?
booth-1072862	?桅撱箇???蝣潸?祈??Ｘ? Calc AE嚗??Ⅳ撌亙擃漲??
booth-1085105	CGM_TextReplace ???Replace Text ???嚗??券??箇陛?撱箸?摮??雿?
booth-6176975	FX Console 蝢收摮身摰?Ｘ??單??亥身摰?嚗??函? After Effects 撌亙
booth-1095863	瞍?具??扼????Reimhak.EFX嚗??極??
booth-4180375	TRPG ??APNG 蝝?嚗?撌亙
booth-1303488	納品PSDをチェックするJSXスクリプト作例是 Photoshop 腳本作例 PDF 教材，非獨立 AE 工具
booth-1539197	VJ 敶梁?蝝?嚗?撌亙
booth-1654878	Unity ?剁?Cine Switcher嚗???AE host
booth-1744544	Get Start Prototyping Vol.3 是 Adobe XD 教材 PDF／XD 檔，非 After Effects 工具
booth-1821817	Unity ?具?扼??潘?MMGS嚗???AE host
booth-1828972	VRChat Shader ?貊?嚗?撌亙
booth-1871257	JavaScript ?貊?嚗?撌亙
booth-1924596	Premiere Pro ?剁??詻?啜?拙??Excel ??恬?嚗? AE host
booth-1986309	AEP 專案檔（教學用），非獨立工具
booth-2020262	故障風 Logo 模板，非獨立工具
booth-2027417	??餈質馱摮? 10 蝔格 AEP嚗ssential Graphics 璅⊥蝝?嚗??舐蝡?AE 撌亙
booth-2035396	暑さで脳が死んだのよ AEP 專案檔，非獨立工具
booth-2035478	Planet AEP 專案檔，非獨立工具
booth-2049725	?箸頧 5 蝔格 AEP 璅⊥蝝?嚗??臬????單撌亙
booth-2110922	? Premiere ??具?????准?? Premiere Pro ??MOGRT 璅⊥嚗???After Effects host 撌亙
booth-2168983	Element3Dで作るシンプルなロゴアニメーション是 Element3D 用 AEP 專案檔，非獨立 AE 工具
booth-2172292	VALORANT風テキストアニメーション是 After Effects AEP 專案檔，非獨立 AE 工具
booth-2188395	MOOOW AEP 專案檔，非獨立工具
booth-2190961	o2composite 閰衣???芸??Ｕ?瑯?喉?嚗岫?函?銝
booth-2220487	Premiere Pro ?身嚗? AE 撌亙
booth-2220684	30day_motion_all 是 Motion Graphics 學習用 AEP，非獨立 AE 工具
booth-2245240	VRoid avatar 憸冽??????After Effects 撌亙
booth-2252490	Simple Countup ??AEP 閮?撠?瑼?撅祆蝝?嚗?靘?獢??函? AE 撌亙
booth-2307736	Alterna ????摰???圈??撅歹????Nth Layer Selector ??????賜??
booth-6815576	AE_BatchToolkit ?誨???敶拍征??敶望?甈∠恣?歇???Layers Pro?ffect Remover Pro ???AE 撌乩?瘚?瘨菔?嚗??雲憭?寧??桐??券?
booth-5899013	ChoooooseiLayer 隞?Null ??????????惜蝭?嚗? AE Adjustment Layer ???Control LMFX ??蝯???園?摨阡???撌桃?券?蝒?
gumroad-impactfx	?格活撱箇?銵??⊿?????BCC+ Camera Shake?niverse Camera Shake?_Shake ??甈暸??極?琿?摨阡?銴?
gumroad-gridlayerscopy	?寞??敶Ｚ?銝?敶Ｘ???撅斤??券歇??Layers2Grid?ridder 2 ??Tweaks ??蝔?Spreaders 瘨菔?
booth-2308032	Chesstics ?臬?撅斤雯?潭?摨極?瘀??歇?園? Checkerboard Grid Tool 蝑??賡???
booth-1199960	LongShadow ?臬蝝?After Effects ?身嚗??園?蝝?閮剜?
booth-2308062	GreenRoom ?航?砍??嚗??Ｘ? Spookie嚗aletAE 蝑極?瑞恣?擃漲??
booth-2308068	PathRev ?芸?頧?Shape Path ?孵?嚗??賡?蝒?銝??Mask Path
booth-2310765	Amuse 是 Motion Graphics 學習用 AEP，非獨立 AE 工具
booth-2339997	ADOBEMAX 是 Motion Graphics 學習用 AEP，非獨立 AE 工具
booth-2462894	NumPy ?貊?嚗?撌亙
booth-2498559	AEP 璅⊥嚗?摮?璅⊥嚗皜豢?嚗?撅祆芋?輸?
booth-2514620	HUD Dome 蝑摰寞 AEP ?飛撠?瑼??蝡?AE 撌亙
booth-2525963	?? HUD Panel ?臬??????瑁? AE 撌亙
booth-2539342	?貊?嚗? AE 撌亙
booth-2554832	nyumo 是 Motion Graphics 學習用 AEP／素材檔，非獨立 AE 工具
booth-2581216	ChromaticAberrationYY 摰??蝷箏?甇Ｘ?湛?銝遣霅唳?典隞???
booth-6661270	FlipKun 摰?????嚗?D Layer only 鞈?嚗??賣?餈唬?頞喃誑撱箇??舀?撠???
booth-6828150	4-Color Gradient Randomizer 摰?撩銋雲憭??質???隤芣?
booth-2587325	subMarker ?臭誑 AEP ?”??蝯???撟??穿?撅祆撠?蝝????函? AE 撌亙
booth-2594360	20201211_motion 是 Motion Graphics 學習用 AEP，非獨立 AE 工具
booth-2600427	??暺???嚗?2_Transition Ideas 100嚗?撅祆???
booth-2605934	秋は夕暮れ是 Motion Graphics 學習用 AEP，非獨立 AE 工具
booth-2607368	敶梁?蝝?嚗ight leak / film burn footage嚗?嚗?撌亙
booth-2627968	20 AEP 專案檔，非獨立工具
booth-2630602	p5.js ??嚗? AE host
booth-2667904	????單? AEP ??璅⊥蝝?銝
booth-2700614	Search Box Motion Graphics ??AEP ???耦蝭嚗??函? AE 撌亙
booth-2726412	瞍怎撠店獢 PNG嚗I ??蝝?嚗??函? AE 撌亙
booth-2734450	AEP 璅???蝷箇?撠???AE2020嚗?撅祆???蝝?憿?
booth-2027192	蝝?閮剖?嚗耦?頧?身 45 蝔殷?嚗惇?身/蝝?憿?
booth-4630292	AEP 璅⊥撠?嚗election.aep嚗?撅祆芋?輸?
booth-2751954	Anchor Move ?芾???Anchor Point 蝘餃?嚗? APRM ??暺極?琿???
booth-2160986	StrokeWidth ?芣甈∩耨??Shape Layer ??撖砍漲嚗??Ｘ? ShapeDrive 蝑極?琿???
booth-5331021	?惜?瑕漲隤踵?單???StepSizer嚗ompExtendor嚗utoDuration 撌亙??
booth-2754515	YouTube 縮圖用 Layer Style 預設集，非獨立工具
booth-2755162	Pathp ?芾矽?渲楝敺?園????＊蝷箏偕撖賂????
booth-2793965	Glitch text ??AEP 撠?瑼??蝡????單
booth-2899026	???極?琿?????嚗銝??
booth-3884551	OBS嚗??Ｘ??剁???AE ?辣
booth-2905569	?1?研????嗾雿郎?Ｕ?瑯?單靘?摮貊?蝛嗡蝙?函? AEP 撠?嚗??函? AE 撌亙
booth-2906415	Film Noise ?誑?單撱箇??餃蔣????嚗??質牧??蝭???
booth-2907422	?? Logo ???After Effects 撠?瑼??蝡?AE 撌亙
booth-2912110	空間響圖學 AEP 專案檔，非獨立工具
booth-2924352	3DIK 摰????蝷箄 2022 撟渲絲?迫?舀嚗???曇?撌亙
booth-2998618	AEP 撠?瑼????鞊～?嚗惇璅⊥憿?
booth-3147870	AEP 撠?瑼??ipeatilca??嚗惇璅⊥憿?
booth-4556945	??蝝?嚗?押?貊? 20 蝔柴??剔???嚗?撌亙
booth-3008725	VRChat ?具??潘???AE host
booth-3024741	VRM ?具?踴?Ｕ??踴嚗? AE host
booth-3034748	20200612_Re:New ?臭?摮貊?雿輻??AEP嚗AV 撠?嚗??函? AE 撌亙
booth-3045761	AEP 撠?瑼?璅⊥銝
booth-3054606	DISC 是 Motion Graphics 學習用 AEP，非獨立 AE 工具
booth-3064063	????臭??飛雿輻??AEP 撠?瑼??蝡?AE 撌亙
booth-3103536	?貊?嚗? AE 撌亙
booth-3107286	Simple Transition 30 蝔格 Motion Graphics 璅⊥嚗??函? AE 撌亙
booth-3138922	messege of love 是 Motion Graphics 學習用 AEP，非獨立 AE 工具
booth-3139629	Commander of Battlefront ?舫??莎?VRChat 璅∪?蝝?嚗? After Effects host
booth-3144975	PyOpenGL ?貊?嚗?撌亙
booth-3147121	??暺???嚗?4_Texture_Ideas_100嚗?撅祆???
booth-3182409	AEP 璅⊥嚗?2?EP??扎??潦??嗚?喉?
booth-3182425	AEP 璅⊥嚗?4?EP??潦????啜??嗚?喉?
booth-3182451	Blender ?具?～??嚗? AE host
booth-3193101	Simple Door Transition ?舀????湔芋?選??蝡?AE 撌亙
booth-3193862	?芸?餈賢??????寞 Premiere Pro ???耦璅⊥嚗??函? AE 撌亙
booth-3201186	VJ 敶梁?蝝?嚗?撌亙
booth-3222793	APEX Banner Overlay ??AEP 瑼?嚗??函? AE 撌亙
booth-3253383	Valorant ?縑摮???AEP 瑼?嚗??函? AE 撌亙
booth-3270291	AEP 璅⊥嚗?5?EP??啜?喋??潦??嫘??嗚?喉?
booth-3274834	VJ 敶梁?蝝?嚗?撌亙
booth-3287850	Pastel Color Transition ?舀????渡????蝡?AE 撌亙
booth-3307745	Shop Design 是 AEP／MP4 教學資料，非獨立 AE 工具
booth-3342579	AEP 璅⊥嚗?7?EP?Tuber_?押??靽⊥??葉嚗?
booth-3961491	AEP 璅⊥嚗?9?EP???押?詻?扼?Ｕ??～?瑯?喉?
booth-3434945	?嫘??箝? telop ?? .mogrt嚗?aep 璅⊥嚗惇蝝????函?撌亙
booth-3444332	UdonTycoon? Book ??VRChat worlds ??UdonSharp ?單嚗? After Effects host
booth-3462223	甇血撘瑕??柴??Ｕ?? AEP 撠?瑼??蝡?AE 撌亙
booth-3463934	June Shader 是 VRChat Post-Processing shader，非 After Effects 工具
booth-3490915	Happy New Year ?臬蔣?????蝡?AE 撌亙
booth-3490921	Merry Xmas ?臬蔣?????蝡?AE 撌亙
booth-3495880	Motete! ??AEP 撠?瑼??蝡?AE 撌亙
booth-3504459	蝝??氬??喋??柴??Ｕ??⊥???蝝?嚗??函? AE 撌亙
booth-3508797	?芥????臬蔣???舐????蝡?AE 撌亙
booth-3528564	?嫘??Ｕ??潦??扎?准??AEP 撠?瑼??蝡?AE 撌亙
booth-3528573	?～?潦?芥?2021??扎??AEP 撠?瑼??蝡?AE 撌亙
booth-3528718	?? AEP嚗nity pack ?臬?獢? Unity 蝝????蝡?AE 撌亙
booth-3548866	謹賀新年是 Motion Graphics 學習用 AEP，非獨立 AE 工具
booth-3584436	Space ??AEP 撠?瑼??蝡?AE 撌亙
booth-3584458	2021 ??AEP 撠?瑼??蝡?AE 撌亙
booth-3584483	Signal ??AEP 撠?瑼??蝡?AE 撌亙
booth-3603784	Restaurant Game Recipe 是 AEP／MP4 教學資料，非獨立 AE 工具
booth-3623403	相席食堂風跑馬燈與影片素材模板，非獨立工具
booth-3627936	知覺融合 AEP 專案檔，非獨立工具
booth-3630429	ロゴのデジタルアニメーション是 After Effects 教學最終形 AEP 專案，非獨立 AE 工具
booth-3657547	AviUtl 撠?嚗? AE 撌亙
booth-3664815	Distu ??Motion Graphics AEP 撠?瑼??蝡?AE 撌亙
booth-3664831	優勝字幕底座是影片與 AEP 素材，非獨立 AE 工具
booth-3678665	Gelas ??Motion Graphics AEP 撠?瑼??蝡?AE 撌亙
booth-3699584	??閮剛?蝝?嚗? AE 撌亙
booth-3746869	Deriv ??Motion Graphics AEP 撠?瑼??蝡?AE 撌亙
booth-3753261	AEP 璅⊥嚗?6?EP??脯??扎嚗?
booth-3575528	AEP 璅⊥嚗?3?EP???嫘??潦?扼_01嚗?
booth-3686705	AEP 璅⊥嚗?5?EP??潦????扎嚗?
booth-6773620	AEP 撠?瑼??弦?杗EP hama REEL 2025 OP嚗?撅祆???璅⊥憿?
booth-1847370	Element 3D ?飛?賂?頞??研??嚗?撅祆???
booth-3757958	曈亙???Element 3D ??OBJ 璅∪?蝝?嚗??函? AE 撌亙
booth-3760502	アズールレーン 土佐是 3D 資料與 CG 集，非獨立 AE 工具
booth-3765010	??閮剛?蝝?嚗? AE 撌亙
booth-3772562	Doodle ??Motion Graphics AEP 撠?瑼??蝡?AE 撌亙
booth-3782936	獢?芣 2 ??20 蝘蔣?????蝡?AE 撌亙
booth-3805827	立體矢印字幕底座是影片與 AEP 素材，非獨立 AE 工具
booth-3813207	AEP 璅⊥嚗?7?EP???研?喋????胯?駁??扎嚗?
booth-3182421	AEP 璅⊥嚗?3?EP??潦???潦???扎嚗?
booth-3429061	AEP 璅⊥嚗?9?EP???准???研?????嗚?喉?
booth-3821376	镼 Element 3D ??OBJ 璅∪?蝝?嚗??函? AE 撌亙
booth-3826420	AEP 撠?瑼?璅⊥銝
booth-3856956	3000F MotionGraphics ?臬?獢?蝷綽?AEP 蝝?嚗??函? AE 撌亙
booth-3858938	?具?押?乓?瑯?喋??????AEP 撠?瑼??蝡?AE 撌亙
booth-3879938	coori ??Motion Graphics AEP 撠?瑼??蝡?AE 撌亙
booth-3881878	匠のダンベル是 VRChat／Element3D 可用的 FBX／OBJ 3D 模型素材，非獨立 AE 工具
booth-3892663	?????Ｕ??嗚?單 AEP 撠?瑼??蝡?AE 撌亙
booth-3909800	VJ 敶梁?蝝?嚗?撌亙
booth-3925326	?賣?敶梁? OP ??AEP 璅⊥蝝?嚗??函? AE 撌亙
booth-3925341	?Ｕ??臬蔣??OP ??AEP 璅⊥蝝?嚗??函? AE 撌亙
booth-3925449	?氬??臬蔣??OP ??AEP 璅⊥蝝?嚗??函? AE 撌亙
booth-3925459	?押??臬蔣??OP ??AEP 璅⊥蝝?嚗??函? AE 撌亙
booth-3925464	?Ｕ?寥◢?臬蔣??OP ??AEP 璅⊥蝝?嚗??函? AE 撌亙
booth-3925469	?芥?喋?臬蔣??OP ??AEP 璅⊥蝝?嚗??函? AE 撌亙
booth-3925477	?萸??臬蔣??OP ??AEP 璅⊥蝝?嚗??函? AE 撌亙
booth-3925484	??單敶梁? OP ??AEP 璅⊥蝝?嚗??函? AE 撌亙
booth-3925497	??敶梁? OP ??AEP 璅⊥蝝?嚗??函? AE 撌亙
booth-3925502	??舀敶梁? OP ??AEP 璅⊥蝝?嚗??函? AE 撌亙
booth-3925507	??敶梁? OP ??AEP 璅⊥蝝?嚗??函? AE 撌亙
booth-3927941	????臬蔣??OP ??AEP 璅⊥蝝?嚗??函? AE 撌亙
booth-3930154	??單敶梁? OP ??AEP 璅⊥蝝?嚗??函? AE 撌亙
booth-3939863	Element 文字制作資料是 Element3D AEP／OBJ 專案，非獨立 AE 工具
booth-3944632	Time Change ???AutoDuration嚗ompExtendor 蝑??偕隤踵撌亙擃漲??
booth-3947661	??研?押? AEP 撠?瑼??蝡?AE 撌亙
booth-396155	Everyday One Motion 教學製作書，非獨立工具
booth-3969087	??閮剛?蝝?嚗? AE 撌亙
booth-3983444	NekoAllergy ?撠?瑼撌脣??蔣?? AEP ??嚗??函? AE 撌亙
booth-3984198	蝡?璅??臬蔣???耦蝝?嚗??臬?鋆?AE 撌亙
booth-3984260	Square Lower Third ?臬葆???After Effects 瑼?嚗芋?選??蝡?AE 撌亙
booth-399433	?貊?嚗? AE 撌亙
booth-3994805	レンズフレアの映像素材是供 After Effects／Premiere 使用的影片素材集，非獨立 AE 工具
booth-4001539	NekoAllergy動画プロジェクトファイル是教學用影片 AEP 專案，非獨立 AE 工具
booth-4004405	蝪⊥?摮??舀?摮芋?輻????????單撌亙
booth-4013377	??雓漣?貊?嚗fter Effects 雓漣 PDF嚗??極??
booth-4453260	??雓漣?貊?嚗?～?胯?荔?嚗?撌亙
booth-4042840	??????AEP ???耦撠?瑼??蝡?AE 撌亙
booth-4060011	VRoid 擃桅ˇ蝝?嚗? After Effects host
booth-4061553	AEP 璅⊥嚗?0?EP??潦??踴??駁?Ｕ??～?瑯?喉?
booth-4070235	跑馬燈文字 Preset 集，非獨立工具
booth-4112016	AE ???身??MV-Effects嚗?蝝?閮剖?銝
booth-4140014	夏のイラスト付カードフレーム是 AEP／MP4 動畫資料，非獨立 AE 工具
booth-4154310	Premiere嚗E 璅⊥嚗ogrt嚗ep嚗?璅⊥蝝?銝
booth-4154787	蝝?閮剖?嚗?1 蝔株??湧?閮哨?嚗惇?身/蝝?憿?銝
booth-4156802	SATURN AEP 專案檔，非獨立工具
booth-4157073	p5.js ??嚗? AE host
booth-4181501	?脤?蝑?Sketch Shader 摰??蝷箏歇?迫?舀嚗???Unity嚗??? shader
booth-4193491	Sunburst ?臬銝 AE preset嚗????蝭???
booth-4193677	そうぞう色是 After Effects AEP 研究檔，非獨立 AE 工具
booth-4217084	VJ 敶梁?蝝?嚗?撌亙
booth-4221710	VRoid ?ˇ嚗蜇摮?????After Effects 撌亙
booth-4226255	瘙 BG ????嚗hotoshop 蝝?嚗??函? AE 撌亙
booth-4239225	VRoid avatar ??蝝?嚗? After Effects 撌亙
booth-4308428	Unity package嚗? After Effects host
booth-4310567	?貊?嚗? AE 撌亙
booth-4334040	??暺???嚗?5_UI_Effect_Ideas_100嚗?撅祆???
booth-4347412	Interactable snowball ??VRChat嚗nity avatar 鈭?蝝?嚗? After Effects host
booth-4357368	蝝?閮剜?嚗ameraShake.ffx嚗?撅祇?閮?璅⊥憿?wish 516 ?舐?敺?撖抬?
booth-4363436	X Y Scale ??After Effects ??.ffx ???身嚗??函? AE 撌亙
booth-4363891	Marker Counter ??After Effects ??.ffx ???身嚗??函? AE 撌亙
booth-4375615	BeatSync ?臬銝 BPM .ffx ?身嚗??賡?蝒?撅祇?閮剔???
booth-4358029	Boing Boing ?臬銝隡貊葬 .ffx ?身嚗??賡?蝒?撅祇?閮剔???
booth-6723285	Grain嚗article ??MV 敶梁?蝝?????After Effects 撌亙
booth-4398471	Premiere Pro 璅⊥??閮哨???AE 撌亙
booth-4403684	摰?撖阡??隤芣?嚗??E?具?胯???扼???嚗瘜Ⅱ隤???
booth-8347254	Premiere Pro 撠???券?選???AE 撌亙
booth-4426163	AEP 璅⊥嚗mas ?祥蝳桃??研?喋?潦???嚗惇璅⊥憿?
booth-5251423	MOGRT/AEP 璅⊥嚗??芥????嚗?撅祆芋?輸?
booth-4432104	月夜星空透明循環影片素材，非獨立工具
booth-4442511	ELEMENT3D ????Bevel ??Element 3D ?身???蝡?AE 撌亙
booth-4453887	Geometry MAP ??After Effects 雿?鞈?嚗??函? AE 撌亙
booth-4463594	Premiere Pro 璅⊥嚗? AE 撌亙
booth-4466084	Apex配信用オーバーレイ是 AEP 配信覆蓋模板，非獨立 AE 工具
booth-4482577	雨夜燈籠背景循環影片素材，非獨立工具
booth-4488597	Charaticle ??VRChat Modular Avatar ??蝎? prefab嚗? After Effects 撌亙
booth-4498128	?縑蝝?嚗?喋??怒??嚗?撌亙
booth-4509745	VJ 敶梁?蝝?嚗?撌亙
booth-4519156	VJ 敶梁?蝝?嚗?撌亙
booth-4523413	VRoid ??蝝?嚗? After Effects 撌亙
booth-4524833	AEP 撠?瑼?Collection嚗?080?1080 4 蝘?loop嚗?撅祆芋?輸?
booth-4582443	?嗡??芾摩頠?撠撌亙嚗? AE 撌亙
booth-4618517	蝪∪?蝮?? Layer Style ???身嚗??函? AE 撌亙
booth-4621699	海底配信背景影片素材，非獨立工具
booth-4621707	Video tape ???臭誑 AE ?批遣??鋆賭???AEP asset嚗?憭????
booth-4153329	?訾? glitch title ?? .mogrt嚗?aep 璅⊥嚗惇蝝????函?撌亙
booth-4638952	VRChat嚗nity嚗?D 璅∪???隞塚???AE 撌亙
booth-4653726	夜活配信畫面組合影片素材，非獨立工具
booth-4666640	夜櫻配信背景循環影片素材，非獨立工具
booth-4672884	??桐???蝒?撌亙?單嚗銝??
booth-4680210	BGM嚗??蝝?嚗? AE 撌亙
booth-4711648	Reaper ?函???嚗? AE 撌亙
booth-4715614	雨夜巷弄背景循環影片素材，非獨立工具
booth-4720206	動態背景與待機畫面影片素材，非獨立工具
booth-4770258	?寞?銴ˊ??鋆賢???撅文??嗅摰對????True Comp Duplicator嚗?鋆賢極?琿???
booth-4717708	BG Color Changer ?芸儐?啣??????航嚗??賡?蝒?
booth-4137695	Shy Group ???Shy Folder嚗rupico 蝑??遘??撌亙擃漲??
booth-4781954	Old TV Style ??AEP asset 撠?瑼??蝡????單
booth-4815780	???極?琿?????嚗銝??
booth-4815812	?嚗隞?擃極?瑟?撖阡?蝖祇?嚗? AE 撌亙
booth-4823813	???極?琿?????嚗銝??
booth-4823866	???極?琿?????嚗銝??
booth-4889598	OBS嚗??Ｘ??剁???AE ?辣
booth-4839795	Japanese traditional fashion ??VRChat嚗vatar 蝝?嚗? After Effects 撌亙
booth-4852548	??????冽?桃?????身嚗??園?蝝?閮剜?
booth-4869972	3D 文字模型制作資料是 Element3D／AEP 專案資料，非獨立 AE 工具
booth-4870460	Remove Text Animator ?芷???AE ?批遣?宏?斗???摮??怠?隞歹??⊿??行??
booth-4151107	?芣?? After Effects ?望???蝛箇??瑼???AE 撌亙
booth-4872778	After Effects ?? preset ??撅祇?閮剔????函?撌亙
booth-4872788	?整??柴??芥?????胯?舀?摮?閮剝?嚗??函? AE 撌亙
booth-4882973	VRChat嚗nity ?賊?嚗? AE 撌亙
booth-4896660	???極?琿?????嚗銝??
booth-4967878	???極?琿?????嚗銝??
booth-5053741	VRChat嚗nity嚗?D 璅∪???隞塚???AE 撌亙
booth-4918044	Shape 動畫影片素材，非獨立工具
booth-4924763	Long Shadow ??AE ?身???蝡?AE 撌亙
booth-4925911	Shape Particle Effect ??AE ?身???蝡?AE 撌亙
booth-4931311	????身???胯??整???嚗?蝝?閮剖?銝
booth-4941882	MV ???身???胯??整???嚗?蝝?閮剖?銝
booth-4950171	ネガポジ反転是 AE 效果預設，非獨立 AE 工具
booth-4950212	Cell Look Effect ??AE ???身嚗??函? AE 撌亙
booth-4951806	Runa嚗una ??VRChat avatar ??嚗? After Effects host
booth-4966174	????身???胯??整???嚗?蝝?閮剖?銝
booth-4968880	Light Leak嚗ilm Burn ??AE ???身嚗??函? AE 撌亙
booth-4979965	VRoid avatar ??嚗??脩?????After Effects 撌亙
booth-4984623	????身???胯??整???嚗?蝝?閮剖?銝
booth-4989737	MV／Lyric Filter 8 Pack 是 AE 預設集，非獨立 AE 工具
booth-4993626	Japanese traditional footwear ??VRChat avatar ?悼??Unitypackage 蝝?
booth-5005862	Transition Preset 13 Pack 是 AE 預設集，非獨立 AE 工具
booth-5020999	????身???胯??整???嚗?蝝?閮剖?銝
booth-5048416	MG 蝝??身???胯??整???嚗?蝝?閮剖?銝
booth-5053097	????身???胯??整???嚗?蝝?閮剖?銝
booth-5057924	Premiere Pro 璅??????AE 撌亙
booth-5067477	Japanese traditional footwear ??VRChat avatar ?悼??Unitypackage 蝝?
booth-5074474	MV嚗yric Transition 8 Set ??AE ?身???蝡?AE 撌亙
booth-5078689	AEP 撠?瑼?3D 蝛粹?????押? camera through嚗?撅祆芋?輸?
booth-5091121	??4584992 ????亥?鋆?
booth-4907971	??4584992 ?撟曆??詨?嚗????橘?
booth-5102074	?? GIF 蝝?嚗? AE 撌亙
booth-5108895	color noise transition 是 After Effects AEP 轉場素材檔，非獨立 AE 工具
booth-5137439	敶梁?嚗??湛?璅⊥蝝?嚗? AE 撌亙
booth-5146069	vol10 ??Photoshop ?惜璅??蝝?嚗??函? AE 撌亙
booth-5153323	Premiere Pro 璅⊥??閮哨???AE 撌亙
booth-5158788	蝝?.ffx ?身瑼?鞈?摨怎?桐??身瑼?靘?
booth-5144019	蝝?.ffx ?身瑼?鞈?摨怎?桐??身瑼?靘?
booth-4383384	蝝?.ffx ?身瑼?鞈?摨怎?桐??身瑼?靘?
booth-6811515	蝝?.ffx ?身瑼?鞈?摨怎?桐??身瑼?靘?
booth-6169614	???歇瘙箇?銋?Japanese_manuscript_paper ??
booth-5163222	????身???胯??整???嚗?蝝?閮剖?銝
booth-5166187	VRM 3D 璅∪?蝝?嚗? AE 撌亙
booth-5170713	MV嚗yric Text Animation 65 Pack ??AE ?身???蝡?AE 撌亙
booth-5181117	?嗡??芾摩頠?撠撌亙嚗? AE 撌亙
booth-5190641	Text Animation 6 Pack ??AE ???身???蝡?AE 撌亙
booth-5196178	NIGHTMARE ??VRChat avatar嚗?鋆?????After Effects 撌亙
booth-5199818	?嗡??芾摩頠?撠撌亙嚗? AE 撌亙
booth-5201920	動態配信背景與待機畫面影片素材，非獨立工具
booth-5206204	MOGRT/AEP 璅⊥嚗??踴??押????扎??恬?嚗惇璅⊥憿?
booth-6221042	蝝?閮剜?嚗quircle 閫虜??敶Ｕ??芥??嚗?撅祇?閮?璅⊥憿?
booth-6211363	蝝?閮剜?嚗?潦??潭????芥??嚗?撅祇?閮?璅⊥憿?
booth-4363363	蝝?閮剜?嚗?扎?澆?頠?ffx嚗??批遣 Transform ?喳??
booth-5239822	BGM嚗??蝝?嚗? AE 撌亙
booth-5240835	Unity ??shader嚗? AE 撌亙
booth-5248826	角ばった鎖是供 Element3D 使用的 OBJ／紋理 3D 模型素材，非獨立 AE 工具
booth-5251785	Comp Checker ?遣蝡??賬??貉?蝬脫瑼Ｘ撠惜嚗惇???銝頛??
booth-5253664	???極?琿?????嚗銝??
booth-5363477	???極?琿?????嚗銝??
booth-5371051	???極?琿?????嚗銝??
booth-5448126	敶梁?嚗??湛?璅⊥蝝?嚗? AE 撌亙
booth-5253762	KATANAアニメーション是附影像與圖片素材的 After Effects AEP 模板，非獨立 AE 工具
booth-5268352	MOGRT/AEP 璅⊥嚗????准???1嚗?撅祆芋?輸?
booth-5292154	MOGRT/AEP 璅⊥嚗????准???2嚗?撅祆芋?輸?
booth-5322472	特效背景影片素材，非獨立工具
booth-5335595	?賬??具???VRChat嚗?D avatar 璅∪?嚗? After Effects 撌亙
booth-5339082	瘞港葉??蝝?嚗?撌亙
booth-5347307	?璈????Ｘ AEP 鞈瑼??蝡?AE 撌亙
booth-5354575	RealKissSystem ??VRChat嚗vatar 鈭?蝟餌絞嚗? After Effects host
booth-5425475	??暺???嚗??箝?扎??ａ? 6 暺?瞼20,000嚗?撅祆???
booth-5428644	film noise -01- 是含 Light Leak 與 Film Noise 的 AEP 素材專案，非獨立 AE 工具
booth-5432205	蝝???100 蝔格毽????mega pack嚗??極??
booth-6093256	AEP 撠?瑼?MotionDesign_08嚗犖摮貊??券?摰?嚗惇??/璅⊥憿?
booth-4685508	AEP 撠?瑼?color film grain嚗?撅祆芋?輸?
booth-5446198	SwiftUI ??嚗?撌亙
booth-5480618	Premiere Pro 璅⊥嚗ogrt嚗???AE 撌亙
booth-5510500	???圾?歹??惜頧宏嚗??極?瘀??歇?園???Un-PreCompose?rue Comp Duplicator 蝑???
booth-8016864	撠??芸??渡???撌亙嚗?撌脫?? OrganizerPro ??嚗?摰????琿??隤芣?
booth-5525940	動態配信背景影片素材，非獨立工具
booth-5526488	敶梁?嚗??湛?璅⊥蝝?嚗? AE 撌亙
booth-5533711	敶梁?嚗??湛?璅⊥蝝?嚗? AE 撌亙
booth-5553388	VRChat嚗nity嚗?D 璅∪???隞塚???AE 撌亙
booth-5558607	??SF憸典??餌??憭?AEP嚗??怎???嚗??函? AE 撌亙
booth-5560844	敶梁?嚗??湛?璅⊥蝝?嚗? AE 撌亙
booth-5567194	2024 ??After Effects AEP 雿?瑼??蝡?AE 撌亙
booth-5575875	quastal ?臭蝙??Motion Tools Pro ??After Effects AEP 雿?瑼??蝡?AE 撌亙
booth-5590883	AE 頧?身??135 蝔殷?蝝?閮剖?銝
booth-5607576	???極?琿?????嚗銝??
booth-5658228	敶梁?嚗??湛?璅⊥蝝?嚗? AE 撌亙
booth-5610218	Herles ??After Effects AEP 雿?瑼??蝡?AE 撌亙
booth-5615388	櫻花特效影片素材，非獨立工具
booth-5639699	Motion Graphics 蝧? #3 ?舫??嗥?蝛塚?蝺渡??券? AEP 撠?瑼??摰?撌亙
booth-5651888	?祥撠?穿?????摮??怠極?琿???
booth-6383495	?蝪∪?銝?撠極??
booth-6476462	Mac ????雿餈啣??貉??箇撣?
booth-6452319	?????踴???7853360嚗???雿餈啁?日?賢?
booth-5659590	VRChat嚗nity ?賊?嚗? AE 撌亙
booth-5671712	VRChat ?剁?VRCPrismStudio嚗???AE host
booth-5679558	Marker Tools ??鋆賬?蝘颯楊頛航??芷璅??賢?撌脩 Marker Maestro Pro?arker Batch Editor?opy Paste Markers 2 蝑極?瑟項??
booth-7948212	DropFrameEXP v2 ????銝?嚗???璅????撌脩 Smart Posterizer?osterize Time ??StepTime 蝑?極?瑟項??
payhip-sh7ci	TIDY LAYERS 雿輻?批撅扎omment ??Shy 撱箇??撮鞈?憭橘??歇?園???Shy Folder 撟曆??詨?
booth-5712064	MMD ?具?潦?扼蝝?嚗? AE host
booth-5743361	APNG 蝝?嚗? AE 撌亙
booth-5743926	Parent Link ?芸???啣?撅斤摮?靽????銝??Ｘ? parent 撌亙??
booth-5743928	Tic-tac-toe ?舫??莎??拍??單嚗??臬祕?函? After Effects ?撌亙
booth-5745402	Premiere Pro 璅⊥嚗ogrt嚗???AE 撌亙
booth-5754293	???極?琿?????嚗銝??
booth-5892231	???極?琿?????嚗銝??
booth-5912007	敶梁?嚗??湛?璅⊥蝝?嚗? AE 撌亙
booth-5759151	Premiere Pro ??FrameDetector ?游?嚗? AE host
booth-5787261	?瑯??芸????MOV 敶梁?蝝?嚗??函? AE 撌亙
booth-5821753	Blender ?典?????AE 撌亙
booth-5822507	VHS-like effect ??Essential Graphics ???耦璅⊥嚗??函? AE 撌亙
booth-5862740	????身???胯??整???嚗?蝝?閮剖?銝
booth-5864565	ProgramableRouteMap ?臬蔣???? AEP 撠?鞈嚗??函? AE 撌亙
booth-5894543	????身??蝝?閮剖?銝
booth-5911283	紙吹雪エフェクト是免費影像素材，非獨立 AE 工具
booth-5915945	?押??具??詻?????? AEP 撠?瑼??蝡?AE 撌亙
booth-5916423	????身???胯??整???嚗?蝝?閮剖?銝
booth-5922126	Utilibits ?臬?? AE ?單憟辣嚗?銝??游??嗅銝撌亙?園??????
booth-5630147	hs_Camera Rig 摰???蝺牧??蝻箔?頞喳???摰寞抒敦蝭
booth-592891	Unity 影像製作教學書，非 After Effects 工具
booth-5930535	???極?琿?????嚗銝??
booth-5935567	???極?琿?????嚗銝??
booth-5959422	VRChat嚗nity嚗?D 璅∪???隞塚???AE 撌亙
booth-5955870	????身???胯??整???嚗?蝝?閮剖?銝
booth-5959720	AEP 璅⊥撠?嚗ancyLife.aep嚗?
booth-4393647	AEP 璅⊥撠?嚗attern.aep嚗?
booth-4962861	AEP 璅⊥撠?嚗avelets.aep嚗?
booth-6733954	AEP 璅⊥撠?嚗reezy White Present.aep嚗?
booth-7547645	AEP 璅⊥撠?嚗cent of Coffee.aep嚗?
booth-5255390	AEP 璅⊥撠?嚗oodland.aep嚗?
booth-7550035	AEP 撠?瑼??芥?MV憸剁?嚗惇璅⊥憿?
booth-2606956	??暺???嚗?1_Motion Ideas 100嚗?撅祆???
booth-5977130	???極?琿?????嚗銝??
booth-6005565	?嗡??芾摩頠?撠撌亙嚗? AE 撌亙
booth-5981412	蝪∪ BPM Counter ??After Effects ?身嚗??函? AE 撌亙
booth-5992649	MG 蝝??身???胯??整???嚗?蝝?閮剖?銝
booth-6018254	QuickVHS AfterEffects Script 官方頁只列相容版本與安裝說明，沒有可核實的具體功能描述
booth-6023035	???極?琿?????嚗銝??
booth-6034581	???極?琿?????嚗銝??
booth-6035255	??桐???蝒?撌亙?單嚗銝??
booth-6050529	???極?琿?????嚗銝??
booth-6115166	Photoshop嚗llustrator 撠撌亙??PSD 蝝?嚗? AE 撌亙
booth-6038301	VRChat code based save system 是 UdonSharp 世界存檔腳本包，非 After Effects 工具
booth-6048639	????身???胯??整???嚗?蝝?閮剖?銝
booth-6048745	?Ｕ?瑯?喟???DanceMotion嚗??極??
booth-6929956	Warudo ?具??押?扎嚗? AE host
booth-6058161	アニメーションUI 官方頁未說明各 UI 按鈕的具體功能，無法充分核實用途
booth-6071218	????身???胯??整???嚗?蝝?閮剖?銝
booth-6111446	Premiere Pro ?身嚗rfpset嚗???AE 撌亙
booth-6111470	Premiere Pro ?身嚗rfpset嚗???AE 撌亙
booth-6111494	Premiere Pro ?身嚗rfpset嚗???AE 撌亙
booth-6115106	3D Cube ?臭??弦雿輻??AEP 撠?瑼??蝡?AE 撌亙
booth-6120729	darenoki effects vol.1 ??GIF嚗NG嚗OV嚗EP 蝝????蝡極??
booth-1975979	瘞氬?澆??AEP 撠?嚗??箇????蝡?AE 撌亙
booth-6143090	RITO PACK ?臬???Illustrator 蝝?????After Effects 撌亙
booth-6154618	?寞活??賢??惜嚗??Ｘ? Renamus嚗E Global Renamer 蝑極?琿?摨阡???
booth-6124075	?????澆? AEP嚗惇?弦嚗???獢???撌亙
booth-6156483	?嗡??芾摩頠?撠撌亙嚗? AE 撌亙
booth-6157425	?嗡??芾摩頠?撠撌亙嚗? AE 撌亙
booth-6158908	?嗡??芾摩頠?撠撌亙嚗? AE 撌亙
booth-6162864	AEP 撠?瑼?Sphere and Cube嚗?蝛嗥??摰?銝蝳迫嚗?撅祆???璅⊥憿?
booth-7726530	蝝?閮剜?嚗????◢?押?????颯???嚗惇?身/璅⊥憿?
booth-3182394	AEP 璅⊥嚗?1?EP??憸具??嗚?喉?
booth-6169799	????身???胯??整???嚗?蝝?閮剖?銝
booth-6185708	UnPrecomposer ???Un-PreCompose嚗e-Comp ?擃漲??
booth-6187030	Motion Graphics 蝧? #5 ?舐?蝛塚?蝺渡???AEP 雿?瑼??蝡?AE 撌亙
booth-6192173	????身???胯??整???嚗?蝝?閮剖?銝
booth-6229353	Motion Graphics 蝧? #6 ?舐?蝛塚?蝺渡???AEP 雿?瑼??蝡?AE 撌亙
booth-6250586	Neovim ?剁?????扎?潘?嚗? AE host
booth-6280086	After Effects ?祥撟餌??芋?選?撅?AEP 璅⊥??撌亙
booth-6287072	FX Console ?交隤身摰?Ｘ? FX Console ?身摰?嚗??函? AE 撌亙
booth-6295008	Premiere Pro嚗fter Effects 瘛瑕?摮?璅⊥嚗惇蝝????函?撌亙
booth-6304970	??蝚佗?嚗?嚗憭扼??矽?湔?????身嚗??函? AE 撌亙
booth-6311894	FrameToNullComment ?芣??惜韏瑕?敶望撖怠 Null marker嚗??賡?蝒?
booth-7888632	?葉蝺?摮??急 AE ??憌?嚗?摮詨???銝?函?撌亙
booth-6314815	敶梁?嚗??湛?璅⊥蝝?嚗? AE 撌亙
booth-6329518	??桐???蝒?撌亙?單嚗銝??
booth-6338775	敶梁?嚗??湛?璅⊥蝝?嚗? AE 撌亙
booth-6354871	???極?琿?????嚗銝??
booth-6570661	敶梁?嚗??湛?璅⊥蝝?嚗? AE 撌亙
booth-6366670	Esska Desktop Puppeteer ?舀??ｇ?VRChat ?蝔?嚗???After Effects 憭????
booth-5844050	Tome Of Elements for VRChat ??VRChat avatar 蝎???蝝?嚗? After Effects host
booth-6379119	Pre嚗? ??After Effects AEP 雿?瑼??蝡?AE 撌亙
booth-6424722	Photoshop ?具?胯??嚗? AE host
booth-6428454	Live2D ??蟡剖?蝯 Live2D嚗vatar 蝝?嚗? After Effects 撌亙
booth-6433047	MuteAudio ?芸??詨??惜???唾?嚗??賡?蝒?
booth-6458491	AutoRename ?芾?鋆賢??蒂靘摮?????
booth-6459397	??雓漣?貊?嚗fter Effects 雓漣嚗??極??
booth-940071	OBS ?剁?VDRAW嚗???AE host
booth-6485129	撘整???扼? Shape ?蝝?嚗??函? AE 撌亙
booth-6496110	call out ??喋??舀???Call Out ?蝝?嚗??函? AE 撌亙
booth-6508136	?蝪∪???撌亙
booth-6511234	?憛?閮?閮剖?嚗??身????
booth-8542958	????身??ffx嚗?蝝?閮剖?銝
booth-6523746	???身??ffx嚗?蝝?閮剖?銝
booth-6542650	?蝪∪?葬?暸敶望撠極??
booth-6730882	??autoParallax 2嚗umuloworks嚗??賡???雿???
booth-6754298	darisana ?箸撠??嚗??Ｘ? AlignLab 蝑???
booth-6733615	darisana ?箸撠??嚗??Ｘ? AlignLab 蝑???
booth-6919789	darisana ?箸?冽??蔭嚗??Ｘ?撌亙??
booth-6547926	Motion Graphics 蝧? #10 ?舐?蝛塚?蝺渡???AEP 雿?瑼??蝡?AE 撌亙
booth-6570418	???身??ffx嚗?蝝?閮剖?銝
booth-6574031	???極?琿?????嚗銝??
booth-6598360	???極?琿?????嚗銝??
booth-6645153	敶梁?嚗??湛?璅⊥蝝?嚗? AE 撌亙
booth-6582962	Get Older 20 ??AEP嚗P4 雿?瑼??蝡?AE 撌亙
booth-6587731	Resonator Tattoo ??VRChat avatar 蝝澈嚗?鞈芰?????After Effects 撌亙
booth-6590281	Element3D 閮剖?摰???AEP ?臬?獢??身鞈?嚗??函? AE 撌亙
booth-6601780	Halftone Preset ?航矽?游?撅日?閮哨??蝡?AE 撌亙
booth-6624130	蝝?閮剖?嚗??撥??閮?30 蝔殷?嚗惇?身/蝝?憿?
booth-4334427	??暺???嚗E_瞍?Ｕ???瞼14,000嚗?撅祆???
booth-6649634	?函? AI 敶勗?撌亙嚗? AE 撌亙
booth-6652211	敶梁?嚗??湛?璅⊥蝝?嚗? AE 撌亙
booth-6657291	AEP 撠?瑼??Ｕ??⊿◢?桅◢?餌?嚗?撅祆芋?輸?
booth-6658045	?Ｕ??⊿◢?賡???郭 AEP嚗惇?弦嚗???獢???撌亙
booth-6660181	Premiere Pro ?身嚗? AE 撌亙
booth-6670225	AEP 撠?瑼??Ｕ??⊿◢?桃??箝?◢嚗?撅祆芋?輸?
booth-6670238	道具獲得特效免費素材，非獨立工具
booth-6682312	SubtleEase 摰???璆萄??鞈?銝?蝣箄酉閮??隤歹??思??園??芸??撖衣??單
booth-6684017	AE ???身??MV-Effects嚗?蝝?閮剖?銝
booth-6687897	????身???胯??整???嚗?蝝?閮剖?銝
booth-6697444	WatermarkGen 摰?撩銋雲憭??質????膩嚗瘜遣蝡????
booth-7727304	InOutPointAdjuster 摰?撩銋雲憭??質????膩嚗瘜遣蝡????
booth-6647536	Crop Tool 摰??璅內 2D Layer嚗??質??詨捆?扯牧??頞?
booth-7010425	3dsmax 皜脫?頛詨?單嚗? After Effects host
booth-6703722	Maru ?舐?蝛塚?蝺渡???After Effects 雿?瑼??蝡?AE 撌亙
booth-6704314	Glow Shape 影片素材，非獨立工具
booth-6710849	Natural Skin ??VRChat avatar ?株?蝝?蝝?嚗? After Effects 撌亙
booth-6714779	?犖隤??餃??詨?????After Effects 撌亙
booth-6716191	omiec ??After Effects AEP 雿?瑼??蝡?AE 撌亙
booth-6716443	Aoo ??After Effects AEP 雿?瑼??蝡?AE 撌亙
booth-6716615	THX FOR 1000 FOLLWOS ??After Effects AEP 雿?瑼??蝡?AE 撌亙
booth-6724131	BGM嚗??蝝?嚗? AE 撌亙
booth-6733757	???極?琿?????嚗銝??
booth-6735261	???極?琿?????嚗銝??
booth-6789538	???極?琿?????嚗銝??
booth-6813457	??桐???蝒?撌亙?單嚗銝??
booth-6859773	?嗡??芾摩頠?撠撌亙嚗? AE 撌亙
booth-6734056	darisana ?箸撠??嚗??Ｘ? AlignLab 蝑???
booth-3027685	?扎?嫘?憸沈DRI 蝝????荔??極??
booth-5771742	??CSV Text Source Manager嚗??typewriter 撌亙??
booth-6735444	2AutoPack 是 Auto Camera 與 AUTO COLOR 的兩工具套裝，依套裝不收錄規則略過
booth-6740782	AEP 璅⊥撠?嚗ewel aep嚗?
booth-5067447	AEP 撠?瑼?????嚗惇璅⊥憿?
booth-5067875	AEP 撠?瑼??賬??潘?嚗惇璅⊥憿?
booth-6657833	AEP 撠?瑼??Ｕ??⊿◢?具??怒?潛嚗?撅祆芋?輸?
booth-6745999	???潦????????～?怒??AEP 璅⊥嚗??函? AE 撌亙
booth-6754370	darisana ?箸撠箏站蝯曹?嚗??Ｘ?撌亙??
booth-6759404	BaraMoji ???撘??惜???DecomposeText?ext Split and Animate ??摮?閫???摨阡?銴?
booth-8555624	RZNC Geometry Generator 隞亙摰?瘜???嗾雿?摨扯? Cyber ?身蝯??? Shape嚗? Circle Rig Pro?ooping Lines 蝑嗾雿????銴?憸冽蝭???
booth-6773308	MG 蝝??身???胯??整???嚗?蝝?閮剖?銝
booth-6775944	ColorPalette ?矽?脩?身?”??????撌脩 Ray Dynamic Color 2?olorFlow?igment ??Coco Color CoWorker 蝑?極?瑟項??
booth-6749475	TSK_Input Expression ??靘楊?惜?寞活憟??方?靽?銵券?撘????Expression Kit 蝑”??蝞∠?撌亙??銝???蝒?
booth-8033875	moti ??拍?蝣唳?撌亙嚗??迂???Ｘ? aescripts MoTi ?單?Ｙ????１???粹??撠??垢霅瘛瑟?嚗銝撱箏?????
booth-6781004	Organizer 摰???鞎祈??蝻箏?頞喳???膩?舀撖衣??
booth-4522765	Grid ??After Effects ??.ffx ???身嚗??函? AE 撌亙
booth-6790555	?仿?貉?臬???????After Effects 撌亙
booth-6804395	?啜???研?Ｕ????BOOTH ???????HTTP 404嚗?蝬脫???賢?鈭西? Layers2Grid?ridder 2 ??
booth-6826784	???隞?祉??箸葫閰血?鞈迎?Mac 銝摰對?
booth-6853775	MV LUT 色彩檔案包，非獨立工具
booth-6859891	?嗡??芾摩頠?撠撌亙嚗? AE 撌亙
booth-6859898	?嗡??芾摩頠?撠撌亙嚗? AE 撌亙
booth-6859907	?嗡??芾摩頠?撠撌亙嚗? AE 撌亙
booth-6859950	敶梁?嚗??湛?璅⊥蝝?嚗? AE 撌亙
booth-6872180	MultiSlicer（361do 經銷）：官方頁確認為 rebuildup/Ae_MultiSlicer 同一 GitHub 專案的重新上架，與既有 installed.jsonl 的 MultiSlicer 為同一工具
booth-6872383	Slingshot ??VRChat avatar嚗??脩?????After Effects 撌亙
booth-6874485	AutoMove & AutoScale ??After Effects ?身嚗??函? AE 撌亙
booth-6878383	?豢?蝭憓??～?怒??AEP嚗FX 璅⊥嚗??函? AE 撌亙
booth-6880651	Water Animation style ?舐?蝛嗥 After Effects 撠?瑼??蝡?AE 撌亙
booth-6882607	Lucia 是 VRChat RP Animation Avatar 商品，非 After Effects 工具
booth-6886326	AE noise transition ?航??渡???preset ???蝡極??
booth-4028100	Retro title ?舀?憿芋?輻????蝡?AE 撌亙
booth-6890294	AEP 撟曆??蝝?嚗芋?輻?????
booth-3164515	VJ 敶梁?蝝?嚗?撌亙
booth-6899130	水面動畫風格 AEP 專案檔，非獨立工具
booth-6899909	敶梁?嚗??湛?璅⊥蝝?嚗? AE 撌亙
booth-6915525	?縑?駁蝝?嚗?艾???艾嚗??極??
booth-5278966	LINE憸具?潦?扼蝝?嚗?撌亙
booth-6917649	蝪⊥?蝮?? .ffx ???身嚗??函? AE 撌亙
booth-6926580	VRChat嚗nity嚗?D 璅∪???隞塚???AE 撌亙
booth-6928051	敶梁?嚗??湛?璅⊥蝝?嚗? AE 撌亙
booth-6947838	Create Bins From Text 是 Premiere Pro 用建立 bin 腳本，非 After Effects 工具
booth-6952874	Text Info Extract 是 Adobe Photoshop 用文字圖層資訊擷取腳本，非 After Effects 工具
booth-6952928	?⊥?OK 憸冽?身嚗??身????
booth-1961336	??身????扎?潮ㄞ憛?嚗??身????
booth-3819079	??鋆ˇ嚗?雿?閮?171 蝔殷?蝝?閮剖?銝
booth-6953952	?鼓?蝝????極??
booth-7694431	?鼓?蝝????極??
booth-7507293	?鼓?蝝????極??
booth-7845097	?鼓?蝝????極??
booth-7726034	?鼓?蝝????極??
booth-6733966	AE ?身嚗EP 蝝???Layr嚗?璅⊥蝝?銝
booth-6955410	Cell Splitter 摰?????鞎祈??瘝?頞喳??隤芣??舀撖衣??
booth-5704794	Line Orientation 摰??????鞎祈??蝻箏??舀撖衣???膩
booth-6956424	蝮望帖???芸銵銝 Transform ??嚗??賡?蝒??批遣??舐?亙???
booth-6913065	PowerPinTool ???批遣 Power Pin ???噶?拙?嚗??賜???蝒?
booth-6670374	?Ｕ??⊥偌??瘜Ｕ??胯? AEP嚗惇?弦嚗???獢???撌亙
booth-6962394	Text Line Breaker 是 Adobe Photoshop 用文字圖層分行腳本，非 After Effects 工具
booth-6967971	darenoki effects ??MOV嚗EP 敶梁???蝝????蝡?AE 撌亙
booth-6974366	?嚗隞?擃極?瑟?撖阡?蝖祇?嚗? AE 撌亙
booth-6990247	Photoshop ?具?胯??嚗afe Area Shifter嚗???AE host
booth-6999400	FFmpeg ?寞活頧?嚗? AE 撌亙
booth-7004316	G45 Gen5 Pistol ??VRChat 3D 璅∪???Modular Avatar 蝝?
booth-7005057	Smart Fit Importer 是 Adobe Photoshop 用智慧物件匯入腳本，非 After Effects 工具
booth-7025105	???極?琿?????嚗銝??
booth-7034381	???極?琿?????嚗銝??
booth-7038517	敶梁?嚗??湛?璅⊥蝝?嚗? AE 撌亙
booth-7028052	Premiere Pro ?身嚗? AE 撌亙
booth-7038586	Random Grad Maker 是 Adobe Photoshop 用漸層覆蓋腳本，非 After Effects 工具
booth-7049720	Compound Shape Splitter 是 Adobe Photoshop 用複合路徑分離腳本，非 After Effects 工具
booth-7061358	FFmpeg ?寞活頧?嚗? AE 撌亙
booth-7067916	MV 影片素材包，非獨立工具
booth-7073929	?? GIF 蝝?嚗? AE 撌亙
booth-7074561	2 蝘?Motion Graphics #1?? ?舐?蝛塚?蝺渡???AEP 雿?瑼??蝡?AE 撌亙
booth-7078958	2 蝘?Motion Graphics #4?? ?舐?蝛塚?蝺渡???AEP 雿?瑼??蝡?AE 撌亙
booth-7099404	2 蝘?Motion Graphics #7?? ?舐?蝛塚?蝺渡???AEP 雿?瑼??蝡?AE 撌亙
booth-7100151	?研??剝◢?艾?喋??艾?潦?潭 AEP嚗FX 璅⊥嚗??函? AE 撌亙
booth-7100667	Deviate Pose Set ??VRChat avatar pose 蝝?嚗???AE 撌亙
booth-7102990	2 蝘?Motion Graphics #10??2 ?舐?蝛塚?蝺渡???AEP 雿?瑼??蝡?AE 撌亙
booth-7116235	2 蝘?Motion Graphics #13??5 ?舐?蝛塚?蝺渡???AEP 雿?瑼??蝡?AE 撌亙
booth-7116590	2 蝘?Motion Graphics #16??8 ?舐?蝛塚?蝺渡???AEP 雿?瑼??蝡?AE 撌亙
booth-7116832	DuplicaterTools ??Unity 撠? Editor ?游?撌亙嚗? After Effects host
booth-7137540	AI ???蝝????荔??極??
booth-7137787	AI ???蝝????荔??極??
booth-7150605	AI ???蝝????荔??極??
booth-7137147	AI ???蝝????荔??極??
booth-6563932	VRChat ?剁?VRC Note Keeper嚗???AE host
booth-7144273	動画背景素材 vol.08 是免費影片背景素材，非獨立 AE 工具
booth-7154404	雿餈唳葫閰血?鞈迎?Mac 銝摰嫘歇??bug嚗?
booth-6934760	雿餈唳葫閰血?鞈迎?Mac 銝摰嫘歇??bug嚗?
booth-6873879	雿?蝷箝極鈭葉???潔葉?
booth-7155901	?Ｕ?瑯?喋?押?????胯蝝?嚗p4嚗??極??
booth-7696002	OBS ?券?靽∠?Ｙ?????AE host
booth-7160438	?瑯?? After Effects AEP ?祥璅⊥嚗??函? AE 撌亙
booth-7176429	???極?琿?????嚗銝??
booth-7187728	VRChat嚗nity嚗?D 璅∪???隞塚???AE 撌亙
booth-7177617	Premiere Pro ?剁?AlignClipTools嚗???AE host
booth-718256	Everyday One Motion 教學製作書 Vol.2，非獨立工具
booth-7187899	?餉??寞 VRChat avatar ??蝝?嚗? After Effects 撌亙
booth-7195571	VRChat嚗nity嚗?D 璅∪???隞塚???AE 撌亙
booth-7213517	???極?琿?????嚗銝??
booth-7266089	???極?琿?????嚗銝??
booth-7353891	VRChat嚗nity嚗?D 璅∪???隞塚???AE 撌亙
booth-7225224	Oreon 是 VRChat avatar 商品，非 After Effects 工具
booth-7232370	??loop嚗iggle ?Ｘ?撌亙??
booth-7257031	3D particle ?臬蔣?????摰? AE 撌亙
booth-7276877	瘜⊥部頧?臬蔣?????蝡?AE 撌亙
booth-7277172	???怒?怒??After Effects ??.ffx ???身嚗??函? AE 撌亙
booth-7277771	Motion Graphics 蝧? #12 ?舐?蝛塚?蝺渡???AEP 雿?瑼??蝡?AE 撌亙
booth-7278382	?? Audio Spectrum ??.ffx ?身???蝡?AE 撌亙
booth-7286686	Easy Loop ??loopOut嚗oopIn嚗ime remap ?寞活憟???Loopy???潦???祇?摨阡????芾?頞喳??函?
booth-7297007	?寞活蝵桐葉 Anchor Point ?銝??嚗??Ｘ? Move Anchor Point嚗nchor Pro 蝑極?琿?摨阡???
booth-6958990	?陛???芥???臬蝝?After Effects ?身嚗??園?蝝?閮剜?
booth-7299271	?函? AI ?芸?擐祈魚?極?瘀???AE 撌亙
booth-7327492	?蝪∪???冗?渡?撠極??
booth-6511475	?蝪∪??朣?撌亙
booth-7335769	??芥??? MV 敶梁?蝝?嚗??函? AE 撌亙
booth-7347590	手繪動畫特效素材包（NopiA），非可獨立安裝執行的 AE 工具
booth-7361360	Motion graphics AEP 撠?瑼??摰?撌亙
booth-7370951	Xyvr ?臬霈???????After Effects 撌亙
booth-7373003	?漁蝎??臭蝙?典撱箸??? AEP 蝝?瑼??蝡?AE 撌亙
booth-7402756	?芸??航???????AEP 璅⊥嚗??函?撌亙
booth-7420389	???極?琿?????嚗銝??
booth-7588334	敶梁?嚗??湛?璅⊥蝝?嚗? AE 撌亙
booth-7426378	自動ドアギミック KWG-AD01 是 VRChat 用同步自動門 prefab，非 After Effects 工具
booth-7429485	手繪動畫特效素材包（NopiA），非可獨立安裝執行的 AE 工具
booth-7453320	RITO PACK v3 影片素材包，非獨立工具
booth-7498996	scl_Film Strip ?臬蝝?.ffx ?身嚗??園?蝝?閮剜?
booth-7501405	アクアリウム水槽＋カクレクマノミ是 Unity／Blender／VRChat 用 3D 模型與動畫素材，非 After Effects 工具
booth-7506043	VRChat World Double Jump System 是 VRChat world 的 prefab／Udon 工具，非 After Effects 工具
booth-7514716	アクアリウム水槽＋グッピー是 Unity／Blender／VRChat 用 3D 模型與動畫素材，非 After Effects 工具
booth-7515479	3D 敹耦蝎??舫? MOV 敶梁?蝝?嚗??臬?鋆?AE 撌亙
booth-7529875	アクアリウム5Pack＋拡張セット是 Unity／Blender／VRChat 用 3D 模型與 UdonScript 素材包，非 After Effects 工具
booth-7551685	Lyrics2Artboards 是 Illustrator 用歌詞分割 Artboard 腳本，非 After Effects 工具
booth-7575539	餈賢? Shape Key ??VRChat avatar 璅∪??游?蝝?嚗? After Effects 撌亙
booth-7589056	敶梁?嚗??湛?璅⊥蝝?嚗? AE 撌亙
booth-7589073	敶梁?嚗??湛?璅⊥蝝?嚗? AE 撌亙
booth-7590750	???見蝝?嚗? ffx嚗??祈釭?箇???
booth-7491079	???見蝝?嚗? ffx嚗??祈釭?箇???
booth-2009772	EDIUS ?券?閮哨???AE 撌亙
booth-7590981	VRChat嚗nity嚗?D 璅∪???隞塚???AE 撌亙
booth-7596137	Owl 2.0 ??VRChat home world ??嚗? After Effects 撌亙
booth-7617284	縦型ゲーミングPC水槽＋クラゲセット是 Unity／VRChat 用 3D 模型與動畫素材，非 After Effects 工具
booth-7618934	Sat Comp ??DaVinci Resolve DCTL嚗? After Effects host
booth-7657287	Bouncy Ball 是使用 Udon 的 VRChat World Asset，非 After Effects 工具
booth-7666184	Lightleak Transition ?臬蔣???渡???嚗??函? AE 撌亙
booth-7668392	VRChat嚗nity ?賊?嚗? AE 撌亙
booth-7671432	iPhone ?蔣憸冽蝬?敶梁?蝝?嚗??函? AE 撌亙
booth-7671596	Premiere Pro ?具?潦?扼?啜???寧?????AE host
booth-7672717	VRChat嚗nity嚗?D 璅∪???隞塚???AE 撌亙
booth-7673903	VRChat嚗nity嚗?D 璅∪???隞塚???AE 撌亙
booth-7680542	???極?琿?????嚗銝??
booth-7696970	???極?琿?????嚗銝??
booth-7716028	VRChat嚗nity嚗?D 璅∪???隞塚???AE 撌亙
booth-7684764	ME Fluid ?臬雿輻?批遣????After Effects ???身嚗??函? AE 撌亙
booth-7686641	Motion Graphics 蝧? #13 ?舐?蝛塚?蝺渡???AEP 雿?瑼??蝡?AE 撌亙
booth-7697194	CoC 頛?隤迎??蝝?嚗???After Effects 撌亙
booth-7698588	VRChat ?剁?CameraTan嚗???AE host
booth-7701488	?餃??圈?撌亙嚗? AE 撌亙
booth-7711825	?瑟????臬???????After Effects 撌亙
booth-7719041	Motion Graphics 蝧? #14 ?舐?蝛塚?蝺渡???AEP 雿?瑼??蝡?AE 撌亙
booth-7726008	???極?琿?????嚗銝??
booth-7742853	???極?琿?????嚗銝??
booth-7755523	Photoshop嚗llustrator 撠撌亙??PSD 蝝?嚗? AE 撌亙
booth-7729808	Photoshop ?具?胯??嚗? AE host
booth-7732019	Mixed Media Preset ??AEP 撠???????蝯??蝡?AE 撌亙
booth-7738010	摰隤芣?隞?Premiere Pro ?箔蜓嚗OICEVOX ??嚗?AE ?湔?琿?隤芣??
booth-7754848	AFPHairRig 改變檔僅說明 VRChat 髮絲改造，未提供 After Effects host 或具體 AE 功能證據
booth-7763065	?研?扎蝘餃??嫘?芥?????撅斤宏?唳??遘?銝??銝????銝?憟?撅斤恣?極?瑕歇?????賢?
booth-7763065	LayerMover ???惜蝘餃?銝??銝?撅砍銝????嚗歇????撅斤恣?極?瑟項?????
booth-7763648	Japanese_manuscript_paper 官方頁無任何可查證的發布或更新日期資訊（無 meta、無結構化資料日期欄位），無法滿足新條目 released/updated 必填規定，暫不收錄
booth-7763894	Environment Prefab Painter 是 Unity Editor 的場景 prefab 繪製工具，非 After Effects 工具
booth-7764373	BPM_scale ??AE Animation Preset嚗??函? AE 撌亙
booth-7775566	????身??MIHARU嚗?蝝?閮剖?銝
booth-7780770	YMM4 ?典?????AE 撌亙
booth-7807641	???極?琿?????嚗銝??
booth-7837396	???極?琿?????嚗銝??
booth-7877762	???極?琿?????嚗銝??
booth-7883002	Photoshop嚗llustrator 撠撌亙??PSD 蝝?嚗? AE 撌亙
booth-7807826	Blender ?典?????AE 撌亙
booth-7812592	Blender ?典極?瘀???AE 撌亙
booth-7822000	CreateShapePlus ?芰??銝?? Shape嚗??賜???蝒??思??鞈?摨?
booth-5223973	Project Replacer 摰???甈∪?隞???蝝????亥牧??蝻箔?頞喳???摰寞抒敦蝭嚗銝??
booth-8362356	Random Square ??桐??惜??甇?敶ａ璈摮??蝭???嚗??暹? Grid嚗?極?瑕歇閬?銝餉??瘙?
booth-7943646	????????艾???研????身銝?萄???憿???餈蝙?典??踝??歇?園???ValetAE?pookie 蝑極?瑞恣?擃漲??
booth-7822273	Photoshop ?具?胯??嚗雿?嚗? AE host
booth-7830448	Loading Transition ??VTuber嚗蔣???渡???嚗??函? AE 撌亙
booth-7833206	擐砍? Rig ?臭蝙??Limber 2 ??AEP 撠?瑼??蝡?AE 撌亙
booth-7833281	?函? AI 頞圾?極?瘀???AE 撌亙
booth-7834603	Lit. Effect Pack Vol.1嚗惇??蝝????函?撌亙
booth-7842172	RANFREN ??VRChat avatar 蝝?嚗? After Effects 撌亙
booth-7847854	???撠極?瘀????telop 撌亙??銝???
booth-8139170	Photoshop ?具?胯??嚗? AE host
booth-7854109	撅?撅?靽∠?Ｘ MP4嚗NG ?蝝?嚗??函? AE 撌亙
booth-7859277	蝟餌絞撣賊?頛詨瘜極?瘀???AE 撌亙
booth-7866112	Deckard ????瘛勗惜銴ˊ??皞蔭?歇??True Comp Duplicator?ompCode 蝑?極?瑟項??
booth-7703858	??嚗FX嚗?祆?撠??嚗?撌脫?? FX Console ??
booth-7870150	HarmoniseMellowcord ?臬???????After Effects 撌亙
booth-7872976	???箇????? PDF ??嚗??函? AE 撌亙
booth-7873590	???閮剖?? 03 ?舀?摮賊??對??蝡?AE 撌亙
booth-7873604	AE ???閮剖??? PDF ??嚗??函? AE 撌亙
booth-7874167	摮?+ ??After Effects ??身嚗??函? AE 撌亙
booth-7879560	AE ?漲摮??舀?潭?摮賊??對??蝡?AE 撌亙
booth-7879719	カフェ・旅行Vlog手書き風テキストアニメーション3選是附 AEP 的教學／時短配方，非獨立 AE 工具
booth-7882448	SmartBatchExporter 是 Unity Editor 的 Unitypackage／Zip 匯出工具，非 After Effects 工具
booth-7882845	MV 憸冽?摮楚?交?飛??摮賊??對??蝡?AE 撌亙
booth-7882863	Cyberpunk Glitch ???臬?鞎餅?潮??寡? AE 瑼???嚗??函? AE 撌亙
booth-7882874	?鼓憸冽?摮??急?飛??摮賊??對??蝡?AE 撌亙
booth-7883096	瘨脤??????AE ?飛??摮賊??對??蝡?AE 撌亙
booth-7883124	AE Kinetic Typography ?臬?摮貉?摮賊??對??蝡?AE 撌亙
booth-7883137	AE ?芷?蝎????舀?潮??對??蝡?AE 撌亙
booth-7885118	憟Ｚ蝎?????舀?摮賊??對??蝡?AE 撌亙
booth-7885151	?湔?????PDF嚗?潭?摮賊??對??蝡?AE 撌亙
booth-7885160	3D ??????舀?潮??對??蝡?AE 撌亙
booth-7886466	AiBow Script ??Adobe Premiere Pro ?抒? VOICEVOX ?唳?Ｘ嚗? After Effects host 撌亙
booth-7886471	??喋?蝝?嚗?撌亙
booth-7887847	?漁?????AE ?飛??摮賊??對??蝡?AE 撌亙
booth-7887877	擃?雿??寞?摮?詨潮??寡? AE ??嚗??函? AE 撌亙
booth-7887908	Flower Princess ??VRChat嚗vatar ??嚗? After Effects 撌亙
booth-7888348	?餌?蝣?憸函?摮???撅祉??? AE 撌亙
booth-7888608	瘞游◢蝑?摮 PDF嚗?潭?摮賊??對??蝡?AE 撌亙
booth-7888659	瘨脤?????舀?潮??對??蝡?AE 撌亙
booth-7888687	?芯???舀?摮 AE ?飛??潮??對??蝡?AE 撌亙
booth-7889426	???極?琿?????嚗銝??
booth-7891588	Photoshop嚗llustrator 撠撌亙??PSD 蝝?嚗? AE 撌亙
booth-7889483	FPS ?賭葉璅???畾粹??PDF嚗?潭?摮賊??對??蝡?AE 撌亙
booth-7889940	?◢????摮?詨潮??寡? AE ??嚗??函? AE 撌亙
booth-7895631	C 隤?蝺刻陌撌亙嚗? AE 撌亙
booth-7896359	?摰??瑕拿瞍??PDF嚗?潭?摮賊??對??蝡?AE 撌亙
booth-7896365	?漲摮???Jet Cut ??PDF嚗?潭?摮賊??對??蝡?AE 撌亙
booth-7896415	?剖蔣??Impact ???舀?潮??寡? AE 瑼???嚗??函? AE 撌亙
booth-7898955	YouTube Shorts 撘瑁矽摮??舀?潭?摮賊??對??蝡?AE 撌亙
booth-7898965	AE ?游?摮???PDF嚗?潭?摮賊??對??蝡?AE 撌亙
booth-7898975	?摰?撘瑁矽????PDF嚗?潭?摮賊??對??蝡?AE 撌亙
booth-7901897	YouTube Ending ?????PDF嚗?潭?摮賊??對??蝡?AE 撌亙
booth-7901979	???極?琿?????嚗銝??
booth-7902307	???極?琿?????嚗銝??
booth-7902317	??桐???蝒?撌亙?單嚗銝??
booth-7925787	OBS嚗??Ｘ??剁???AE ?辣
booth-7902259	GroupExpander 是 Adobe Photoshop 用群組展開／收合腳本，非 After Effects 工具
booth-7902671	Font Preview ?舀??HL_Fontory 摮?蝞∠??游???摨阡?????
booth-7411242	撖衣蜀敶梁?鋆賭? preset嚗惇璅⊥嚗???撌亙
booth-7920328	????????潦鋆賭??准???撅祇?閮哨?蝝????函?撌亙
booth-7920682	MatchLayerDuration ??擐?惜蝯曹??瑕漲?????嚗歇??Rift?equenceLayers 蝑??摨??極?瑟項??
booth-6832164	Arrange Layers ?摰?頝偌撟喉????撌脩 Layers2Grid?ridder 2 ??憟?朣極?瑟項??
booth-7783900	Random Placement ??鋆賭蒂?冽??寡?雿蔭?葬?曇???嚗歇??Cloners + Effectors?otionMonkey 蝑璈?蝵桀極?瑟項??
booth-7938074	SelectiveAdjustment ??摰?撅方矽?湔??歇?勗??賜??撌脫?? Set Adjustment 瘨菔?
booth-7923014	Snap Run 是 Adobe Photoshop 的 action／JSX 啟動器 plugin，非 After Effects 工具
booth-7925787	SavePNG ???桀?敶望摮? PNG嚗??質??Ｘ? Comp Screenshot ?湔??嚗?敺?靘?Ⅱ????極雿?
booth-7926215	Assistive Tools 撠之??朣?摮????萄蔣?潸??惜?????極?琿?嚗?桐??詨??Ｗ?嚗?憭??撌脫??園?撌亙瘨菔?
booth-7929286	Big cat set ??VRChat avatar 蝝?嚗? After Effects host
booth-7931092	Fl-ZIPDI ??Unity Assets package ?臬?游?嚗? After Effects host
booth-7934166	Photoshop ?具?胯??嚗? AE host
booth-7935494	???身??MIHARU嚗?蝝?閮剖?銝
booth-7935846	素材管理を自動化！フォルダとビンを完全同期！是 Premiere Pro 專用 plugin，非 After Effects 工具
booth-7937651	CubeEightSegClock 是 VRChat world 的八段顯示時鐘 prefab，非 After Effects 工具
booth-7942873	OBS嚗??Ｘ??剁???AE ?辣
booth-7946436	????AE 敹怠???蝣翰??撅砍銝蝬剛風?嚗?撌脫?? AE Purger嚗hrottle-n-Purge ??
booth-7946732	A_Bayangan 銝餉???Drop Shadow ?隞?祕雿?摰???頞喳??蝡??賜敦蝭嚗??蔣?瘙歇??蝑銵??????思??園?
booth-7957551	敶梁?嚗??湛?璅⊥蝝?嚗? AE 撌亙
booth-7957853	AE Novel ?舀??飛?批捆撋 AE ?祕撽扳?蝔???撅祆????舐蝡?極??
booth-7957319	Lit. Geometric Animation嚗惇?蝝?嚗?閮剛? AE 撌亙
booth-7961308	Photoshop嚗llustrator 撠撌亙??PSD 蝝?嚗? AE 撌亙
booth-7965759	Premiere Pro 摮?璅⊥嚗? After Effects 撌亙
booth-7967427	198 HandDrawn Effects 是 AEP 特效素材專案，非獨立 AE 工具
booth-7974255	?Ｕ??⊿◢????胯?嚗??研嚗?撅祆??????? AE 撌亙
booth-7979020	BOOTH 官方頁與 .json 皆回 404，商品已從 BOOTH 下架
booth-7979889	CSV嚗xcel ?寞活撌亙嚗? AE 撌亙
booth-7981677	Photoshop嚗llustrator 撠撌亙??PSD 蝝?嚗? AE 撌亙
booth-7982438	???極?琿?????嚗銝??
booth-7983547	VRChat嚗nity嚗?D 璅∪???隞塚???AE 撌亙
booth-7982438	AutoGuide3 ?蔭銝准??脯?方??? Guide ???舐 AE ?批遣 Guides嚗??GuideGuide 摰?嚗??賜???蝒?
booth-6652211	SaveSnap ??靘?蔣??PNG 敹怎嚗??Ｘ? Comp Screenshot ??????賜?仿???
booth-8176824	3D Align Center ????隞?After Effects ?箸?憿?雿?雿憓?雿???Premiere Pro嚗瘜Ⅱ隤?After Effects host嚗銝??
booth-7406035	BPM Waveform 摰??蝣箸 Unity Editor script嚗蒂??After Effects 撌亙
booth-7983392	3D Metal ??AEP 撠?瑼??蝡?AE 撌亙
booth-7983576	VRChat嚗nity嚗?D 璅∪???隞塚???AE 撌亙
booth-7983594	VRChat嚗nity嚗?D 璅∪???隞塚???AE 撌亙
booth-7985776	???極?琿?????嚗銝??
booth-8008951	?嗡??芾摩頠?撠撌亙嚗? AE 撌亙
booth-7997362	VRChat ?具?扼??潘???AE host
booth-8001980	Premiere嚗fter Effects 瘛瑕?璅⊥嚗??函? AE 撌亙
booth-8004669	BPM 璅????剁??歇?園???AudioToMarkers?eat Assistant 蝑???
booth-8028067	?拍?撘?頝喉??踴嚗????撌亙嚗?撌脫?? Easy Bounce?etroBounce?quash & Stretch 蝑???
booth-8124837	?單?????撌亙嚗?撌脫?? BeatPad?niversal Audio?CC Beat Reactor 蝑???
booth-8127965	??獢???極?瘀??歇?園???TextBox 2?ox It!?hapeFit Panel 蝑???
booth-8133054	??3D ?孵????剁??歇?園???Create3DShapes?somatic FX 蝑???
booth-8140610	摮?雿平撌亙嚗??寥??膩銝雲銝?撌脫?? Captioneer?ypeAnimeJP 蝑?撟極?琿???
booth-8237538	Trim Path ??? Null ?Ｙ??剁????
booth-8009919	AE ??Blender嚗aya ?豢??郊璈撌亙嚗?撌脫?? BlenderAe ?璈?摨扳??郊???
booth-8017990	A_InnerGradation 摰???游像?啗??祥鞈?嚗撩銋??質??隤芣?
booth-8023603	Premiere Pro ??MOGRT 蝝?嚗? AE host
booth-8028094	Re_CCCompFix ?芯耨甇?CC Composite ??Top layer ???桐???嚗惇???摰隤支耨敺拙極?瘀??思??園?
booth-8030064	????Script Launcher 擃漲??嚗??粹??潭葫閰衣?
booth-8034269	?函? AI ?芸?擐祈魚?極?瘀???AE 撌亙
booth-8039034	InertiaBones ??Unity Editor ??PhysBone 撌亙嚗? After Effects host
booth-8040467	Blender ?典極?瘀???AE 撌亙
booth-8043727	VRChat嚗nity嚗?D 璅∪???隞塚???AE 撌亙
booth-8044134	敶梁?嚗??湛?璅⊥蝝?嚗? AE 撌亙
booth-8044727	手繪動畫特效素材包（NopiA），非可獨立安裝執行的 AE 工具
booth-8048318	敶梁?嚗??湛?璅⊥蝝?嚗? AE 撌亙
booth-8049169	CubeLife 是 VRChat world 的 Conway's Game of Life prefab gimmick，非 After Effects 工具
booth-8049876	YMM4 ?具??押?扎嚗? AE host
booth-8051116	Premiere嚗fter Effects 璅⊥蝝?嚗??函? AE 撌亙
booth-8052153	???極?琿?????嚗銝??
booth-8063745	???極?琿?????嚗銝??
booth-8066925	???極?琿?????嚗銝??
booth-8082372	敶梁?嚗??湛?璅⊥蝝?嚗? AE 撌亙
booth-8053084	Binzii_SimpleRays ?臬??典 Shape Layer ????閮哨??蝡?AE 撌亙
booth-8056225	立體ホログラムギミック是 Unity／VRChat world 的 FBX／Prefab／shader 組合，非 After Effects 工具
booth-8065635	?隤◢敺??恍??MP4嚗EP ?湔蝝?嚗??函? AE 撌亙
booth-8071004	Stairs Module 是 Unity／VRChat 用階梯模型與 prefab gimmick，非 After Effects 工具
booth-8081031	Particle launcher 銝餉??臭??萄??其?蝯?CC Particle World ?箏?閮剖???閮剖??嚗?撱箸??? ParticleShapes 蝑?摮極?瑕歇瘨菔??游??湔??
booth-7832845	Script Launcher ??JSX ?駁??銵?蝺刻摩?賢?撌脩?Ｘ? Script Launcher?ool Launcher 蝑?砍??極?瑟項??
booth-7926435	AE Project Folder Organizer ??憿????冗?雿輻蝝??渡?撌脩 OrganizerPro 蝑?獢?極?瑟項??
booth-6797983	Auto Crop Comp ???詨? 2D ?惜??鋆???撌脩 Auto Crop 3?ropROI ??CropPrecomps 蝑?極?瑟項??
booth-8058788	Nanten ExAI ??嗉?閮???耨敺抵?敺株矽銵券?撘?歇??mirAI ?項?撱?? AE GPT ?園?
booth-8082537	敶梁?嚗??湛?璅⊥蝝?嚗? AE 撌亙
booth-8082569	Photoshop嚗llustrator 撠撌亙??PSD 蝝?嚗? AE 撌亙
booth-8083872	BGM嚗??蝝?嚗? AE 撌亙
booth-8087145	??Loopy嚗??潦???擃漲??銋???
booth-1504515	???keyframe 撌亙??KEYboard嚗eyframe Buddy嚗RC嚗?摨阡???
booth-6777408	雿餈唳葫閰衣?嚗ac 銝摰嫘歇??bug嚗?
booth-7511897	雿餈圈??潭葫閰衣?嚗?潮?隤踵撞
booth-8088353	FramePosition ?芣霈蔣???剜?漲嚗??賡?蝒?蝻箔?摰 AE 撌亙隤芣?
booth-8089765	VRChat嚗nity嚗?D 璅∪???隞塚???AE 撌亙
booth-8092692	???極?琿?????嚗銝??
booth-8096145	???極?琿?????嚗銝??
booth-8127229	Photoshop嚗llustrator 撠撌亙??PSD 蝝?嚗? AE 撌亙
booth-8093384	鈭支?暺?inout ??AE Animation Preset嚗惇?澆??恍?閮剛??函? AE 撌亙
booth-8093534	?蝑 AE Animation Preset嚗惇?澆??恍?閮剛??函? AE 撌亙
booth-8107279	瘞湔????詻????摮???嚗? After Effects 撌亙
booth-8107429	蝖祇?頧??踹?隞塚???AE 撌亙
booth-8110237	AI ?蝝?嚗ora/Runway/Kling嚗??極??
booth-7993523	VRChat ?具??乓?ｇ???AE host
booth-8111900	CutsheetMaker ?舐蝡蔣??Excel 獢?嚗? After Effects host
booth-8119285	NopiA_smoke_2dfxPack ?舀?蝜芸??急?????嚗??函? AE 撌亙
booth-8121576	AviUtl ?典?????AE 撌亙
booth-8123001	??璈◢ Impact ?舫?敶梁???AEP 蝝?憟?嚗??函? AE 撌亙
booth-8129934	?????蝝???撅祉????? AE 撌亙
booth-8130004	???極?琿?????嚗銝??
booth-8130167	OBS嚗??Ｘ??剁???AE ?辣
booth-8131997	AEP-Texture ??AE 蝝??身???蝡?AE 撌亙
booth-8132686	SolarSystem 是 VRChat world 太陽系模型 gimmick，非 After Effects 工具
booth-8133913	TextureColorKit ??VRChat avatar 蝝?嚗O嚗DF ??雿喳?撌亙嚗? After Effects host
booth-8140566	憍旨 Logo ??舀??蔣?????蝡?AE 撌亙
booth-8143492	???極?琿?????嚗銝??
booth-8147945	敶梁?嚗??湛?璅⊥蝝?嚗? AE 撌亙
booth-8145146	Document Browser ??Photoshop 撠憭?嚗? After Effects host 撌亙
booth-8149381	BOX ?臭??弦雿輻??AEP 撠?瑼??蝡?AE 撌亙
booth-8153454	??桐???蝒?撌亙?單嚗銝??
booth-8171788	???極?琿?????嚗銝??
booth-8176571	???極?琿?????嚗銝??
booth-8176824	???極?琿?????嚗銝??
booth-8182799	BGM嚗??蝝?嚗? AE 撌亙
booth-8153500	4k ?啜??瑯?唾??舐?? MP4 敶梁?蝝?嚗??函? AE 撌亙
booth-8174243	3D Motion Graphics #01 ?舀?摮貊 After Effects 撠?瑼??蝡?AE 撌亙
booth-8182835	BGM嚗??蝝?嚗? AE 撌亙
booth-8182868	BGM嚗??蝝?嚗? AE 撌亙
booth-8182900	BGM嚗??蝝?嚗? AE 撌亙
booth-8182928	BGM嚗??蝝?嚗? AE 撌亙
booth-8183369	BGM嚗??蝝?嚗? AE 撌亙
booth-8183410	BGM嚗??蝝?嚗? AE 撌亙
booth-8183457	BGM嚗??蝝?嚗? AE 撌亙
booth-8183482	BGM嚗??蝝?嚗? AE 撌亙
booth-8183518	BGM嚗??蝝?嚗? AE 撌亙
booth-8183546	BGM嚗??蝝?嚗? AE 撌亙
booth-8183640	BGM嚗??蝝?嚗? AE 撌亙
booth-8183663	BGM嚗??蝝?嚗? AE 撌亙
booth-8184628	3D Motion Graphics #02 ?舀?摮貊 After Effects 撠?瑼??蝡?AE 撌亙
booth-8186088	Premiere 銝駁??極雿?蝔芋?選???AE host
booth-8187369	A_Halfdots ??Free Transition MOV 敶梁?蝝?嚗??函? AE 撌亙
booth-8190017	BGM嚗??蝝?嚗? AE 撌亙
booth-8190526	WebM ??MOV 頧??臭蝙??ffmpeg ?蝡隞文?撌亙嚗? After Effects host 撌亙
booth-8190876	Warudo ?具??押?扎嚗? AE host
booth-8192227	蝮血??研?寡釭 ?蝝????荔??極??
booth-5740869	MMD ?具?潦?扼嚗丐?嚗???AE host
booth-8194092	???極?琿?????嚗銝??
booth-8194849	??桐???蝒?撌亙?單嚗銝??
booth-8199722	???極?琿?????嚗銝??
booth-8217535	???極?琿?????嚗銝??
booth-8222977	???極?琿?????嚗銝??
booth-8242478	VRChat嚗nity嚗?D 璅∪???隞塚???AE 撌亙
booth-8197470	SDCLauncher ?航?砍??嚗??Ｘ? Spookie嚗aletAE 蝑恣?擃漲??
booth-8199660	AEP 璅⊥嚗akura Ground Crawling嚗?撅祆芋?輸?
booth-8215127	RouteBeacon 是 VRChat world 的路徑指引 prefab，非 After Effects 工具
booth-8234144	蝺??身??MIHARU嚗?蝝?閮剖?銝
booth-8241415	kirakira ?臭??弦雿輻??AEP 撠?瑼??蝡?AE 撌亙
booth-8252699	敶梁?嚗??湛?璅⊥蝝?嚗? AE 撌亙
booth-8254797	KKShapeEditor ??Koikatsu嚗KS ??辣嚗? After Effects host
booth-8257916	QuickComp ??????蒂???箔誨?極雿?撌脩 CreateProxies 蝑?誨?遣蝡極?瑟項??
booth-7368084	NeonBlink ?芣??桐??憭???曇????身憟??嚗linkPanel ????對?Glow 撌亙撌脫??游??湔??
booth-6812550	Aurgan 摰 BOOTH ???????HTTP 404嚗?靘??????獢??鈭西? OrganizerPro ??
booth-8258039	CSV嚗xcel ?寞活撌亙嚗? AE 撌亙
booth-8263702	StyleGen Pro 是 Premiere Pro 專用文字樣式大量生成工具，非 After Effects 工具
booth-8263903	EasyZoom 是 Premiere Pro 專用縮放效果工具，非 After Effects 工具
booth-8266268	???極?琿?????嚗銝??
booth-8290967	OBS嚗??Ｘ??剁???AE ?辣
booth-8270970	?函? AI 敶勗?撌亙嚗? AE 撌亙
booth-8276066	?? MOV嚗ebM 頧??舐蝡蔣?撘??極?瘀???After Effects host 撌亙
booth-8286920	Sci-Fi HUD Logo Opener ??After Effects Logo 璅⊥嚗??函? AE 撌亙
booth-8288152	?函? AI ?芸?擐祈魚?極?瘀???AE 撌亙
booth-8292828	???極?琿?????嚗銝??
booth-8293489	BGM嚗??蝝?嚗? AE 撌亙
booth-8296369	敶梁?嚗??湛?璅⊥蝝?嚗? AE 撌亙
booth-8297358	VRChat嚗nity ?賊?嚗? AE 撌亙
booth-8298091	TRPG嚗??????嚗? AE 撌亙
booth-8300237	摰????蝷?item no longer available嚗??曇??舀?極??
booth-8526527	SF 敺??恍憸冽??AE ?撥嚗?靽∠?Ｙ???撅祆芋?選?蝝???撌亙
booth-8306432	蝝???155 蝔格?蝜芣???MOV/AEP ??darenoki_face嚗??極??
multiview	???Premiere Pro嚗??寡牧??native Premiere motion嚗 MOGRT ??AE ?舀嚗?
podcastervisuals	摰?Ｗ??????舀 Final Cut Pro嚗? After Effects host
booth-8308334	敶梁?嚗??湛?璅⊥蝝?嚗? AE 撌亙
booth-8308683	VJ 蝝?????After Effects 撌亙
booth-8314600	?函???PACK ?舐???鋆????蝡?AE 撌亙
booth-8315961	OBS嚗??Ｘ??剁???AE ?辣
booth-8317350	VRChat嚗nity嚗?D 璅∪???隞塚???AE 撌亙
booth-8317583	Photoshop ?具?胯??嚗??准???PSD嚗???AE host
booth-8321652	?踴?詻?喋??臬???????After Effects 撌亙
booth-8330000	???極?琿?????嚗銝??
booth-8339688	敶梁?嚗??湛?璅⊥蝝?嚗? AE 撌亙
booth-8337763	?惜??賢?撌亙嚗?撌脫?? Fast Renamer?enamer2 蝑???
booth-8471328	???拙耦隤踵撌亙嚗?撌脫?? RectControl 蝑??????
booth-8339813	TimeCompressionCamera ?舐蝡雯頝舀?敶望?嚗蔣??鋆賣??函?撘?銝阡? After Effects host 撌亙
booth-8339972	敶梁?嚗??湛?璅⊥蝝?嚗? AE 撌亙
booth-8344160	OBS嚗??Ｘ??剁???AE ?辣
booth-8345991	敶梁?嚗??湛?璅⊥蝝?嚗? AE 撌亙
booth-8347288	EasyTracker 是 Premiere Pro 專用 CEP 物件追蹤工具，非 After Effects 工具
booth-8347289	EasyZoom 是 Premiere Pro 專用縮放效果工具，非 After Effects 工具
booth-8347294	GraphEasy 是 Premiere Pro 專用關鍵影格圖表 CEP 擴充，非 After Effects 工具
booth-8347301	Looper 是 Premiere Pro 專用 Motion 關鍵影格循環 CEP 擴充，非 After Effects 工具
booth-8347303	MogrtRandomizer 是 Premiere Pro 專用 MOGRT 大量生成 CEP 擴充，非 After Effects 工具
booth-8347305	NestKing 是 Premiere Pro 專用巢狀序列管理 CEP 擴充，非 After Effects 工具
booth-8347324	Wiggler 是 Premiere Pro 專用隨機晃動關鍵影格 CEP 擴充，非 After Effects 工具
booth-8348271	敶梁?嚗??湛?璅⊥蝝?嚗? AE 撌亙
booth-8348940	?弦??AEP嚗????芥?扎??啜?嚗??舐?蝛塚?蝷箇?撠?瑼??臬?鋆極??
booth-8236896	?Ｕ??⊿◢????胯?蝝????餅?蝟鳴?嚗惇?蝝??? AE 撌亙
booth-8362356	OBS嚗??Ｘ??剁???AE ?辣
booth-8364091	敶梁?嚗??湛?璅⊥蝝?嚗? AE 撌亙
booth-8364148	???極?琿?????嚗銝??
booth-8369118	Photoshop嚗llustrator 撠撌亙??PSD 蝝?嚗? AE 撌亙
booth-8367277	Cinematic Title Pack ??After Effects 璅?璅⊥憟?嚗??函? AE 撌亙
booth-8367691	simpleGaming ??蝥???撅方?賂????
booth-8369887	??雓漣嚗fter Effects 雓漣嚗??極??
booth-8373318	Unity ?具?扼??潘?MomiziShader嚗???AE host
booth-8373597	敶梁?嚗??湛?璅⊥蝝?嚗? AE 撌亙
booth-8378851	AfterEffect_Layer_Rename 僅提供 prefix_01 形式的批次改名，與既有 Renamus、Layer Name Changer 等完整圖層命名工具高度重複
booth-8381383	???極?琿?????嚗銝??
booth-8386208	敶梁?嚗??湛?璅⊥蝝?嚗? AE 撌亙
booth-8382814	Maya Utility Toolkit 是 Maya 用 MEL 工作效率工具組，非 After Effects 工具
booth-8383016	?弦??AEP嚗??耦撌亙?Ｕ?瑯?喉?嚗?弦嚗內蝭?獢????臬?鋆極??
booth-8357696	?弦??AEP嚗楛瘚瑟蝝ａ◢銵函嚗??舐?蝛塚?蝷箇?撠?瑼??臬?鋆極??
booth-6727822	5 蝔?Shape Effect ??撅祇?閮哨???蝝????函?撌亙
booth-8384799	Label & Finder Bar ??蝔望?撠??璅惜?脰身摰歇??AM Select And Set?orro?abion 憿極?瑟項??
booth-6668813	甇?SyncFX ???詨?撅祆扯”??憟憭?撅歹????Expression Kit?wiftShift 憿甈∟”??撌亙??
booth-8386500	敶梁?嚗??湛?璅⊥蝝?嚗? AE 撌亙
booth-8388516	?Ｕ??⊿◢????胯?蝝???憓剁?嚗惇?蝝??? AE 撌亙
booth-8390124	?怒???舐???mp4嚗??極??
booth-6907673	Premiere Pro ?具?潦?扼?啜???寧?????AE host
booth-8392320	???極?琿?????嚗銝??
booth-8404901	?嗡??芾摩頠?撠撌亙嚗? AE 撌亙
booth-8394505	Google Apps Script ?寞活撌亙嚗? AE 撌亙
booth-8404988	Break Point 是 VRChat avatar／服裝與 Raycast 控制無人機素材，非 After Effects 工具
booth-8406142	?嗡??芾摩頠?撠撌亙嚗? AE 撌亙
booth-8408253	????蝷?item no longer available嚗瘜撖衣?桀??舐??AE 撌亙
booth-8408817	敶梁?嚗??湛?璅⊥蝝?嚗? AE 撌亙
booth-8415267	AAA Energy Explosion Scene ??After Effects AEP ?湔撠?嚗??函? AE 撌亙
booth-8417920	???極?琿?????嚗銝??
booth-8419806	敶梁?嚗??湛?璅⊥蝝?嚗? AE 撌亙
booth-8420731	???極?琿?????嚗銝??
booth-8420761	敶梁?嚗??湛?璅⊥蝝?嚗? AE 撌亙
booth-8420879	敶梁?嚗??湛?璅⊥蝝?嚗? AE 撌亙
booth-8425381	???極?琿?????嚗銝??
booth-8429097	Photoshop嚗llustrator 撠撌亙??PSD 蝝?嚗? AE 撌亙
booth-8425614	VRChatTextAutoLocalizer 是 Unity Editor／VRChat world 的多語文字設定工具，非 After Effects 工具
booth-8428737	蝪∪?脣蔗?Ｘ???Chromix 蝑敶拚?閮哨?隤輯撌亙擃漲??嚗??祥??賭?摮?????
booth-8558571	CTI Jump ?芣?靘誑?身敶望?貊宏?????蝷箏嚗??Ｘ? QuartzJump嚗??遘撌亙擃漲??嚗??賡?蝒?
booth-7582313	Labion ?芣?靘??萄???撅斗?蝐方嚗??祆 Labels Lite ???湔?蝐歹???詨????嚗??賡?蝒?
booth-5513671	ADOBEZIER ??蝷?Shape嚗askPath ?舀嚗??孵???蝻箔?頞喳????鋆牧??
booth-6238733	R-CompAnchorTool ?芸????詨? Anchor Point 蝘餃?嚗? APRM ??暺極?琿???
booth-3684300	Add Guide ?芸遣蝡?蝝??曉?瘥?Guide嚗??賢銝銝頛??撌亙
booth-8439082	???極?琿?????嚗銝??
booth-8440208	OBS嚗??Ｘ??剁???AE ?辣
booth-8442109	Member Color Glow ??AEP 撠?瑼??蝡????單
booth-8443701	???極?琿?????嚗銝??
booth-8447311	???極?琿?????嚗銝??
booth-8448364	Photoshop嚗llustrator 撠撌亙??PSD 蝝?嚗? AE 撌亙
booth-8445492	銝?萄???loop expression ??祈??Ｘ??芸?敺芰撌亙擃漲??
booth-8451006	?嗡??芾摩頠?撠撌亙嚗? AE 撌亙
booth-8452017	?喋???舐蝡蔣???唾?頧????舐宏?斗??Ｙ?撘???After Effects host 撌亙
booth-8466732	7ewdResynthesis ??VST ?唾??辣嚗? After Effects host
booth-8468704	???極?琿?????嚗銝??
booth-8475992	BGM嚗??蝝?嚗? AE 撌亙
booth-8480357	All Font Changer ?????撌Ｙ???????歇??pt_TextEdit 2 ??Project Font Pro ?楊撠?摮?蝞∠?瘨菔?
booth-8480988	敶梁?嚗??湛?璅⊥蝝?嚗? AE 撌亙
booth-8482325	?函? MIDI 蝺冽頠?嚗? AE 撌亙
booth-8483001	敶梁?嚗??湛?璅⊥蝝?嚗? AE 撌亙
booth-8491641	Summer Breeze Set ??VRChat avatar ??蝝?嚗? After Effects 撌亙
booth-8492852	敶梁?嚗??湛?璅⊥蝝?嚗? AE 撌亙
booth-8496549	???極?琿?????嚗銝??
booth-8497222	Photoshop嚗llustrator 撠撌亙??PSD 蝝?嚗? AE 撌亙
booth-8497435	???極?琿?????嚗銝??
booth-8502309	敶梁?嚗??湛?璅⊥蝝?嚗? AE 撌亙
booth-8500548	Harmap ??VST ?唾??辣嚗? After Effects host
booth-8506333	minus ??蝝???AEP嚗蔣????嚗??函? AE 撌亙
booth-8508744	敶梁?嚗??湛?璅⊥蝝?嚗? AE 撌亙
booth-8511099	VRChat嚗nity嚗?D 璅∪???隞塚???AE 撌亙
booth-8513896	?函? VJ 蝟餌絞嚗?撽?嚗???AE 撌亙
booth-8513969	敶梁?嚗??湛?璅⊥蝝?嚗? AE 撌亙
booth-8514743	???極?琿?????嚗銝??
booth-8516148	敶梁?嚗??湛?璅⊥蝝?嚗? AE 撌亙
booth-8516123	??????? MV 撠?瑼??蝡?AE 撌亙
booth-8516161	敶梁?嚗??湛?璅⊥蝝?嚗? AE 撌亙
booth-8517073	54 蝔?lyric motion ??VTuber ??蝝????蝡?AE 撌亙
booth-8517293	???極?琿?????嚗銝??
booth-8518916	敶梁?嚗??湛?璅⊥蝝?嚗? AE 撌亙
booth-8517664	CONCAFE BIKINI ??VRChat avatar ??蝝?嚗? After Effects 撌亙
booth-8522397	敶梁?嚗??湛?璅⊥蝝?嚗? AE 撌亙
booth-8522431	敶梁?嚗??湛?璅⊥蝝?嚗? AE 撌亙
booth-8522509	敶梁?嚗??湛?璅⊥蝝?嚗? AE 撌亙
booth-8524104	敶梁?嚗??湛?璅⊥蝝?嚗? AE 撌亙
booth-8524496	Photoshop ?具?胯??嚗?扎?潭?蝝ｇ?嚗? AE host
booth-8524677	敶梁?嚗??湛?璅⊥蝝?嚗? AE 撌亙
booth-8524683	敶梁?嚗??湛?璅⊥蝝?嚗? AE 撌亙
booth-8524693	敶梁?嚗??湛?璅⊥蝝?嚗? AE 撌亙
booth-8524903	敶梁?嚗??湛?璅⊥蝝?嚗? AE 撌亙
booth-8524969	敶梁?嚗??湛?璅⊥蝝?嚗? AE 撌亙
booth-8527009	Photoshop ?具?胯??嚗? AE host
booth-8527599	YMM4 ?具??押?扎嚗? AE host
booth-8529162	???極?琿?????嚗銝??
booth-8533297	VRChat嚗nity嚗?D 璅∪???隞塚???AE 撌亙
booth-8534430	???極?琿?????嚗銝??
booth-8534541	???極?琿?????嚗銝??
booth-8534623	OBS嚗??Ｘ??剁???AE ?辣
booth-8537637	?嗡??芾摩頠?撠撌亙嚗? AE 撌亙
booth-8540076	敶梁?嚗??湛?璅⊥蝝?嚗? AE 撌亙
booth-8542768	?嗡??芾摩頠?撠撌亙嚗? AE 撌亙
booth-8545650	?嗡??芾摩頠?撠撌亙嚗? AE 撌亙
booth-8546194	???身??ffx嚗?蝝?閮剖?銝
booth-8546346	???極?琿?????嚗銝??
booth-8547196	???極?琿?????嚗銝??
booth-8547635	VRChat嚗nity嚗?D 璅∪???隞塚???AE 撌亙
booth-8547494	Shape ?身瑼Ｚ??剁?摰??餈唬?頞?
booth-8570213	???撌亙嚗?撌脫?? Text Force?ypePlay 蝑???
booth-8626270	HUD 隞??撌亙嚗?撌脫?? HUD Components?ircuitFX ?甈⊥?? NodeField ??
booth-8548101	?嗡??芾摩頠?撠撌亙嚗? AE 撌亙
booth-8548297	敶梁?嚗??湛?璅⊥蝝?嚗? AE 撌亙
booth-8548676	敶梁?嚗??湛?璅⊥蝝?嚗? AE 撌亙
booth-8551038	?嗡??芾摩頠?撠撌亙嚗? AE 撌亙
booth-8551564	???極?琿?????嚗銝??
booth-8552545	敶梁?嚗??湛?璅⊥蝝?嚗? AE 撌亙
booth-8552458	OBS ?剁?Clock Plus嚗???AE host
booth-8553101	???極?琿?????嚗銝??
booth-8559336	VRChat嚗nity嚗?D 璅∪???隞塚???AE 撌亙
booth-8558931	???蝭? AEP 撠?瑼?撅祉???蝭????臬?鋆極??
booth-8544598	Catatan ?芣?蝷箸??After Effects 2019 隞乩?嚗??寥?蝻箔???膩
booth-8561196	CSS 蝬脤?撌亙嚗? AE 撌亙
booth-8561858	敶梁?嚗??湛?璅⊥蝝?嚗? AE 撌亙
booth-8562321	?Ｕ??⊿◢????胯?蝝????具?～??嚗惇?蝝??? AE 撌亙
booth-8562341	?啣挪?研?湔摮???嚗? After Effects 撌亙
booth-8562570	VRChat嚗nity嚗?D 璅∪???隞塚???AE 撌亙
booth-8564960	蝛箄?郊 rim light ??AEP 瞍撠?嚗?憭????
booth-7885707	敶梁?鋆賭?瘣餃?蟡典嚗暑??????AE 撌亙
booth-8566166	??璅??蝝?嚗?撌亙
booth-8571165	敶梁?嚗??湛?璅⊥蝝?嚗? AE 撌亙
booth-8573133	Warudo ?具??押?扎嚗? AE host
booth-8573278	????? 116 蝔格 Premiere Pro 撠 MOGRT 璅⊥嚗? After Effects 撌亙
booth-8574824	敶梁?嚗??湛?璅⊥蝝?嚗? AE 撌亙
booth-8577646	Photoshop ?具?胯??嚗甇??嚗? AE host
booth-8577934	敶梁?嚗??湛?璅⊥蝝?嚗? AE 撌亙
booth-8578350	Lit. Kawaii particle嚗惇蝎?蝝??? AE 撌亙
booth-8580859	??桐???蝒?撌亙?單嚗銝??
booth-8582921	敶梁?嚗??湛?璅⊥蝝?嚗? AE 撌亙
booth-8587788	OBS嚗??Ｘ??剁???AE ?辣
booth-8588415	VRCMeshDeformer ??VRChat嚗nity avatar 撌亙嚗? After Effects host
booth-8589261	VRChat嚗nity嚗?D 璅∪???隞塚???AE 撌亙
booth-8590882	VRChat嚗nity嚗?D 璅∪???隞塚???AE 撌亙
booth-8591244	LIQUID GENERATOR ?舐汗??HTML 蝝????剁???AE 憭????
booth-7873414	Adobe IME KillSwitch ??Windows 撣賊?撌亙嚗? After Effects 憭?嚗??
booth-6638311	Stream Deck After Effects ?內 PNG 蝝?嚗?撌亙
booth-8592174	Lit. Kawaii particle嚗惇蝎?蝝??? AE 撌亙
booth-8597061	VRChat嚗nity嚗?D 璅∪???隞塚???AE 撌亙
booth-8599752	Blender ?具??喉???AE host
booth-8599803	Blender ?具?喋??押嚗? AE host
booth-8600075	敶梁?嚗??湛?璅⊥蝝?嚗? AE 撌亙
booth-8600213	???極?琿?????嚗銝??
booth-8603171	OBS嚗??Ｘ??剁???AE ?辣
booth-8603210	VRChat嚗nity ?賊?嚗? AE 撌亙
booth-8603672	VRChat嚗nity嚗?D 璅∪???隞塚???AE 撌亙
booth-8604242	URL 蝺刻摩撌亙嚗? AE 撌亙
booth-8604840	Lit. ?脯??芾?喋????胯?颯???撅祉?摮????? AE 撌亙
booth-8607066	VRChat嚗nity ?賊?嚗? AE 撌亙
booth-8607677	?嗡??芾摩頠?撠撌亙嚗? AE 撌亙
booth-8608237	???極?琿?????嚗銝??
booth-8609193	??桐???蝒?撌亙?單嚗銝??
booth-8609782	???極?琿?????嚗銝??
booth-8610082	敶梁?嚗??湛?璅⊥蝝?嚗? AE 撌亙
booth-8609875	NaMaximizer ??VST3 ?喳??憭批??剁???After Effects host
booth-8610120	VRChat嚗nity嚗?D 璅∪???隞塚???AE 撌亙
booth-8610140	Photoshop嚗llustrator 撠撌亙??PSD 蝝?嚗? AE 撌亙
booth-8611641	Premiere Pro嚗fter Effects ?單??Ｘ?蟡?bundle嚗蜓閬瘛瑕?撌乩?瘚?隞塚?蝻箔??函? AE 撌亙蝭?
booth-8613865	???極?琿?????嚗銝??
booth-8614456	???極?琿?????嚗銝??
booth-8614479	?嗡??芾摩頠?撠撌亙嚗? AE 撌亙
booth-8615135	隤輯憭?嚗?撌脫?? Color Genius?ehancer ??BCC+ Grade 蝑敶拙極?琿???
booth-8683443	AE 2026 撠隤輯憭?嚗? Windows嚗??歇?園???Color Genius?ehancer 蝑???銝像?啗??蝭???
booth-8615682	???極?琿?????嚗銝??
booth-8618413	?嗡??芾摩頠?撠撌亙嚗? AE 撌亙
booth-8618941	敶梁?嚗??湛?璅⊥蝝?嚗? AE 撌亙
booth-8619108	???極?琿?????嚗銝??
booth-8619572	???極?琿?????嚗銝??
booth-8621631	???極?琿?????嚗銝??
booth-8622580	VRChat嚗nity嚗?D 璅∪???隞塚???AE 撌亙
booth-8619469	Blender ?具?～?胯?荔???AE host
booth-8622802	???極?琿?????嚗銝??
booth-8623980	敶梁?嚗??湛?璅⊥蝝?嚗? AE 撌亙
booth-8624145	???極?琿?????嚗銝??
booth-8624742	???極?琿?????嚗銝??
booth-8624865	???極?琿?????嚗銝??
booth-8625776	VRChat嚗nity嚗?D 璅∪???隞塚???AE 撌亙
booth-8626014	敶梁?嚗??湛?璅⊥蝝?嚗? AE 撌亙
booth-8626504	?嚗隞?擃極?瑟?撖阡?蝖祇?嚗? AE 撌亙
booth-8627108	蝺拙??脩?撌亙嚗?撌脫?? Flow?ease?urveConductor 蝑???
booth-8656108	?惜???銴ˊ撌亙嚗??寥???prototype ?????芸??渲牧????
booth-8694935	?Ｙ?脫?????摰??餈唬?頞?
booth-8065162	?脣蔗蝞∠??Ｘ嚗?撌脫?? Ray Dynamic Color 2?igment 蝑敶拙極?琿???
booth-8407863	?唾?頧?MIDI 撌亙嚗蒂??After Effects 撌亙嚗?單?鋆賭??券?
booth-7955064	Checkerboard ?潛??Ｙ??剁????
booth-8627879	???極?琿?????嚗銝??
booth-8629198	???極?琿?????嚗銝??
booth-8631107	VRChat嚗nity嚗?D 璅∪???隞塚???AE 撌亙
booth-8632019	VRChat嚗nity嚗?D 璅∪???隞塚???AE 撌亙
booth-8632415	???極?琿?????嚗銝??
booth-8632916	OBS嚗??Ｘ??剁???AE ?辣
booth-8633055	TRPG嚗??????嚗? AE 撌亙
booth-8633545	?嗡??芾摩頠?撠撌亙嚗? AE 撌亙
booth-8633917	???極?琿?????嚗銝??
booth-8634589	VRChat嚗nity嚗?D 璅∪???隞塚???AE 撌亙
booth-8634765	敶梁?嚗??湛?璅⊥蝝?嚗? AE 撌亙
booth-8635228	VRChat嚗nity嚗?D 璅∪???隞塚???AE 撌亙
booth-8635458	???極?琿?????嚗銝??
booth-8635968	OBS嚗??Ｘ??剁???AE ?辣
booth-8636195	敶梁?嚗??湛?璅⊥蝝?嚗? AE 撌亙
booth-8636402	Photoshop嚗llustrator 撠撌亙??PSD 蝝?嚗? AE 撌亙
booth-8638296	OBS嚗??Ｘ??剁???AE ?辣
booth-8641028	敶梁?嚗??湛?璅⊥蝝?嚗? AE 撌亙
booth-8641204	TRPG ??APNG 蝝?嚗?撌亙
booth-8641393	Photoshop嚗llustrator 撠撌亙??PSD 蝝?嚗? AE 撌亙
booth-8644102	AE ?身??璅????嚗??舐蝡????單撌亙
booth-8646087	PanShot ?蝝?嚗?撌亙
booth-8646515	???極?琿?????嚗銝??
booth-8648376	敶梁?嚗??湛?璅⊥蝝?嚗? AE 撌亙
booth-8647400	???舫? MOV嚗P4 敶梁?蝝????蝡?AE 撌亙
booth-8647898	?⊿??憭?嚗?撌脫?? Optical Flares?noll Light Factory ??BCC Lens Flare 蝑?摨阡???
booth-8620753	蝪⊥?蝎???憭?嚗?撌脫?? Particular?tardust?articleShapes 蝑?摮極?琿??????
booth-8648751	???極?琿?????嚗銝??
booth-8648765	敶梁?嚗??湛?璅⊥蝝?嚗? AE 撌亙
booth-8649281	???極?琿?????嚗銝??
booth-8649527	???極?琿?????嚗銝??
booth-8651159	敶梁?嚗??湛?璅⊥蝝?嚗? AE 撌亙
booth-8649949	GradientText 是 AviUtl Exedit2 用文字漸層腳本，非 After Effects 工具
booth-8651648	???極?琿?????嚗銝??
booth-8652066	敶梁?嚗??湛?璅⊥蝝?嚗? AE 撌亙
booth-8652752	???極?琿?????嚗銝??
booth-8653385	敶梁?嚗??湛?璅⊥蝝?嚗? AE 撌亙
booth-8653832	Photoshop嚗llustrator 撠撌亙??PSD 蝝?嚗? AE 撌亙
booth-8654007	???極?琿?????嚗銝??
booth-8654824	???極?琿?????嚗銝??
booth-8656599	BGM嚗??蝝?嚗? AE 撌亙
booth-8656916	VRChat嚗nity嚗?D 璅∪???隞塚???AE 撌亙
booth-8656958	BGM嚗??蝝?嚗? AE 撌亙
booth-8658747	???極?琿?????嚗銝??
booth-8659011	敶梁?嚗??湛?璅⊥蝝?嚗? AE 撌亙
booth-8662219	TelopFX 是 Premiere Pro 用透明素材字幕動畫工具，非 After Effects 工具
booth-8663016	BGM嚗??蝝?嚗? AE 撌亙
booth-8665427	???極?琿?????嚗銝??
booth-8668011	VRChat嚗nity嚗?D 璅∪???隞塚???AE 撌亙
booth-8668720	OBS嚗??Ｘ??剁???AE ?辣
booth-8669674	TRPG ??APNG 蝝????喋??芥蝑蝙?剁?嚗? AE 撌亙
booth-8669685	???極?琿?????嚗銝??
booth-8669813	OBS嚗??Ｘ??剁???AE ?辣
booth-8671436	敶梁?嚗??湛?璅⊥蝝?嚗? AE 撌亙
booth-8671815	敶梁?嚗??湛?璅⊥蝝?嚗? AE 撌亙
booth-8672906	?Ｕ??⊿◢????胯?蝝?????嫘????嚗惇?蝝??? AE 撌亙
booth-8673235	Ari Motion Presets Basic 是 AviUtl2 用文字動畫預設，非 After Effects 工具
booth-8673986	????身嚗??身????
booth-7147262	MV 蝝??身??蝝?銝
booth-8674545	敶梁?嚗??湛?璅⊥蝝?嚗? AE 撌亙
booth-8674972	???極?琿?????嚗銝??
booth-8678280	???極?琿?????嚗銝??
booth-8678361	敶梁?嚗??湛?璅⊥蝝?嚗? AE 撌亙
booth-8675920	VRChat衣装 動作チェックツール是 Unity Editor 的 VRChat 衣裝動畫檢查工具，非 After Effects 工具
booth-8678491	VRChat嚗nity嚗?D 璅∪???隞塚???AE 撌亙
booth-8679222	瘨脤??神撟喳????急 MOV嚗EP 蝝?憟?嚗??函? AE 撌亙
booth-8680103	VRChat嚗nity嚗?D 璅∪???隞塚???AE 撌亙
booth-8680455	敶梁?嚗??湛?璅⊥蝝?嚗? AE 撌亙
booth-8680574	敶梁?嚗??湛?璅⊥蝝?嚗? AE 撌亙
booth-8681385	敶梁?嚗??湛?璅⊥蝝?嚗? AE 撌亙
booth-8681412	敶梁?嚗??湛?璅⊥蝝?嚗? AE 撌亙
booth-8681965	?嗡??芾摩頠?撠撌亙嚗? AE 撌亙
booth-8682299	OBS嚗??Ｘ??剁???AE ?辣
booth-8682549	OBS嚗??Ｘ??剁???AE ?辣
booth-8682575	???極?琿?????嚗銝??
booth-8682925	敶梁?嚗??湛?璅⊥蝝?嚗? AE 撌亙
booth-8684379	敶梁?嚗??湛?璅⊥蝝?嚗? AE 撌亙
booth-8684637	Premiere Pro ?身嚗? AE 撌亙
booth-8685183	VRChat嚗nity嚗?D 璅∪???隞塚???AE 撌亙
booth-8685469	TRPG嚗??????嚗? AE 撌亙
booth-8686711	VRChat嚗nity嚗?D 璅∪???隞塚???AE 撌亙
booth-8686731	VRChat嚗nity嚗?D 璅∪???隞塚???AE 撌亙
booth-8686968	敶梁?嚗??湛?璅⊥蝝?嚗? AE 撌亙
booth-8688223	???極?琿?????嚗銝??
booth-8688577	???極?琿?????嚗銝??
booth-8688712	敶梁?嚗??湛?璅⊥蝝?嚗? AE 撌亙
booth-8689439	敶梁?嚗??湛?璅⊥蝝?嚗? AE 撌亙
booth-8689840	敶梁?嚗??湛?璅⊥蝝?嚗? AE 撌亙
booth-8690367	敶梁?嚗??湛?璅⊥蝝?嚗? AE 撌亙
booth-8690377	?嗡??芾摩頠?撠撌亙嚗? AE 撌亙
booth-8691043	Premiere Pro ?剁???AE 撌亙
booth-8691148	敶梁?嚗??湛?璅⊥蝝?嚗? AE 撌亙
booth-8691667	Premiere Pro 璅⊥嚗ogrt嚗???AE 撌亙
booth-8692555	敶梁?嚗??湛?璅⊥蝝?嚗? AE 撌亙
booth-8692703	???極?琿?????嚗銝??
booth-8693317	VRChat嚗nity嚗?D 璅∪???隞塚???AE 撌亙
booth-8693318	OBS嚗??Ｘ??剁???AE ?辣
booth-8693330	VRChat嚗nity嚗?D 璅∪???隞塚???AE 撌亙
booth-8693374	?嗡??芾摩頠?撠撌亙嚗? AE 撌亙
booth-8693458	OBS嚗??Ｘ??剁???AE ?辣
booth-8693882	VRChat嚗nity嚗?D 璅∪???隞塚???AE 撌亙
booth-8694176	OBS嚗??Ｘ??剁???AE ?辣
booth-8694935	A_Firefly（Adys）官方 BOOTH 商品頁明列 After Effects 2019+、功能與供應狀態，但未提供可佐證的發布或更新日期；依資料規格暫不收錄，取得官方日期證據後重審。
booth-8695731	敶梁?嚗??湛?璅⊥蝝?嚗? AE 撌亙
booth-8696331	VRChat World Udon ??嚗? After Effects host
booth-8696385	VRChat嚗nity嚗?D 璅∪???隞塚???AE 撌亙
booth-8696574	敶梁?嚗??湛?璅⊥蝝?嚗? AE 撌亙
booth-8696818	敶梁?嚗??湛?璅⊥蝝?嚗? AE 撌亙
booth-8697419	VRChat嚗nity嚗?D 璅∪???隞塚???AE 撌亙
booth-8698144	3D 蝡?摮 Premiere Pro 蝝?嚗? After Effects 撌亙
booth-8698706	BGM嚗??蝝?嚗? AE 撌亙
booth-8699285	Illustrator 蝝??渡??Ｘ嚗惇?桐?瘚?頛嚗??賡?蝒?
booth-8705398	撣貊摮?蝞∠?撌亙嚗?撌脫?? Project Font Pro?t_TextEdit 蝑???
booth-8664334	????憭?嚗?撌脫?? Fast Bokeh Pro?rossphere Bokeh?CC Bokeh 蝑???
booth-8705527	?餌?蝣?頧嚗?撌脫?? Voronoi Shatter 3?reak It!?hatter 蝑???
booth-8618241	??嚗?????摰??餈唬?頞喃??歇?園???Light Sweep?_Streaks 蝑?蝺極?琿???
booth-8603133	憸冽??箏??怠極?瘀??歇?園???AutoSway?reeze 蝑???
booth-7839641	蝺拙?嚗???脫銝?銝嚗??亥?撌脫?? Flow?ewton?ay Dynamic Color 2 ??
booth-8699457	VRChat嚗nity嚗?D 璅∪???隞塚???AE 撌亙
booth-8699762	VRChat嚗nity嚗?D 璅∪???隞塚???AE 撌亙
booth-8701018	VRChat嚗nity嚗?D 璅∪???隞塚???AE 撌亙
booth-8701080	BGM嚗??蝝?嚗? AE 撌亙
booth-8701591	OBS嚗??Ｘ??剁???AE ?辣
booth-8701682	???極?琿?????嚗銝??
booth-8701956	VRChat嚗nity嚗?D 璅∪???隞塚???AE 撌亙
booth-8701821	Retro Terminal Chat Widget ??StreamElements嚗BS Browser Source widget嚗? After Effects 撌亙
booth-8702003	VRChat嚗nity嚗?D 璅∪???隞塚???AE 撌亙
booth-8702049	TRPG嚗??????嚗? AE 撌亙
booth-8702440	VRChat嚗nity嚗?D 璅∪???隞塚???AE 撌亙
booth-8703129	BGM嚗??蝝?嚗? AE 撌亙
booth-8703303	VRChat嚗nity嚗?D 璅∪???隞塚???AE 撌亙
booth-8703452	OBS嚗??Ｘ??剁???AE ?辣
booth-8703459	敶梁?嚗??湛?璅⊥蝝?嚗? AE 撌亙
booth-8704551	???極?琿?????嚗銝??
booth-8704625	VRChat嚗nity嚗?D 璅∪???隞塚???AE 撌亙
booth-8704564	?縑?駁08.aep ?舐?剔??AEP 璅⊥嚗??函? AE 撌亙
booth-8705410	OBS嚗??Ｘ??剁???AE ?辣
booth-8705578	OBS嚗??Ｘ??剁???AE ?辣
booth-8706159	VRChat嚗nity嚗?D 璅∪???隞塚???AE 撌亙
booth-8706531	Photoshop嚗llustrator 撠撌亙??PSD 蝝?嚗? AE 撌亙
booth-8706775	敶梁?嚗??湛?璅⊥蝝?嚗? AE 撌亙
booth-8707437	敶梁?嚗??湛?璅⊥蝝?嚗? AE 撌亙
booth-8707888	Font Launcher 是 Adobe Photoshop 用字型預設 plugin，非 After Effects 工具
booth-8708652	Photoshop嚗llustrator 撠撌亙??PSD 蝝?嚗? AE 撌亙
booth-8708850	敶梁?嚗??湛?璅⊥蝝?嚗? AE 撌亙
booth-8708932	VRChat嚗nity嚗?D 璅∪???隞塚???AE 撌亙
booth-8708974	Photoshop嚗llustrator 撠撌亙??PSD 蝝?嚗? AE 撌亙
booth-8709808	敶梁?嚗??湛?璅⊥蝝?嚗? AE 撌亙
booth-8710140	???極?琿?????嚗銝??
booth-8710195	敶梁?嚗??湛?璅⊥蝝?嚗? AE 撌亙
booth-8710617	VRChat嚗nity嚗?D 璅∪???隞塚???AE 撌亙
booth-8710833	VRChat嚗nity嚗?D 璅∪???隞塚???AE 撌亙
booth-8710966	VRChat嚗nity嚗?D 璅∪???隞塚???AE 撌亙
booth-8711002	???極?琿?????嚗銝??
booth-8711500	VRChat嚗nity嚗?D 璅∪???隞塚???AE 撌亙
booth-8711735	BGM嚗??蝝?嚗? AE 撌亙
booth-8711867	???極?琿?????嚗銝??
booth-8712888	VRChat嚗nity嚗?D 璅∪???隞塚???AE 撌亙
booth-8713781	OBS嚗??Ｘ??剁???AE ?辣
booth-8713782	VRChat嚗nity嚗?D 璅∪???隞塚???AE 撌亙
booth-8716087	Palf Kawaii Bundle ?臬?????憟辣??嚗 Palf 憭??行??函??????祈澈銝誑?游??園?
booth-aegrouppanel	AEGroupPanel（BASH）圖層分組面板，官方頁僅列版本月份、無精確可查證日期
booth-audio-sculptor-kissi	Audio Sculptor（kissi-script）音訊驅動動畫腳本，官方頁無可查證日期
booth-boundary-maker-yukoyk	選択範囲境界メーカー／バウンディングボックス（Yuko Yk）分類為素材（其他）的 ffx 預設包，非腳本或外掛工具
booth-lost-fitlayer	LOST_FitLayer（xuc-los）依選取圖層長度建立新圖層，功能與既有 MatchLayerDuration 高度重疊，且官方頁無可查證日期
booth-numaripto-cep-ai-ae	ヌマリプト Illustrator↔After Effects CEP 向量轉移外掛，官方頁無可查證日期
booth-s0-pathfinderx	S0_PathfinderX（secret0）AE 路徑運算擴充功能，官方頁無可查證日期
booth-smart-anchor-eizoutaku	Smart Anchor（映像オタクのプラグイン屋）遮罩後錨點偵測腳本，官方頁無可查證日期，與 aescripts Structura 的 Smart Anchor 功能同名但不同廠、無關聯
booth-srt-to-mogrt-preflight	SRT to MOGRT Preflight（PanelDock Tools）為付費 Premiere MOGRT 外掛的購買前相容性檢查工具，僅能用內建範例字幕測試、無法處理使用者自己的 SRT，非獨立可用的 AE 工具
boxcam	官方頁標示已停售（discontinued）
boxcam	摰??蝷箏歇?嚗iscontinued嚗?
middle-measure	璆萄??葫??蝵桐葉撌亙
boxer	??歇?詨??園???Box It 擃漲??嚗??箄?撓蝮格?摮?獢?
breakdowns	摰?Ｗ?????舀撖衣?撖阡??隤芣?嚗?閬?銝誑?迂?葫?園?
boxer	功能與已選定收錄的 Box It 高度重複，皆為自動伸縮文字底框
brazu	摰??蝷箇? Copilot?ools?eyframe?arallax ??Presets ??鋆?嚗?閬?銝誑?游??園?
break-it	?箸?渡????AE ?批遣 Shatter?C Pixel Polly 蝑???桅?摨阡?銴?
breeze	摰隤芣???蝔勗遣蝡郭瘚芸??恬?????郭瘚迎??箏?撌亙??銝撩銋誨銵冽批榆??
candlecharts-ae	??????K 蝺?鋆賭?嚗蝙?冽?憓??澆???
carousel-xpress	頛芣??嚗楝敺????賢?撌脫?? Circle Rig Pro 蝑極?琿?摨阡?銴?
centermasks	???桃蔗?蝵桐葉嚗??賜???蝒?隞?”?找?頞?
handycam	?歇?園???Camera 3D Toolkit Pro嚗E 3D RIG 蝑?敶望????嗅極?琿?摨阡?銴?
hyle	摰??蝔勗?芸???AE 隞餃?嚗撩銋雲隞交?蝣箸?餈啣擃??賜???隤芣?
breakdowns	官方產品頁未提供可核實的實際功能說明，依規範不以名稱猜測收錄
brevidy	Premiere Pro 專用社群影片 AI 工具，不支援 After Effects
brevidy	Premiere Pro 撠蝷曄黎敶梁? AI 撌亙嚗??舀 After Effects
buena-depth-cue	套件內代表性工具已拆分收錄於 third-party.jsonl，不新增套裝包條目
buena-depth-cue	憟辣?找誨銵冽批極?瑕歇???園???third-party.jsonl嚗??啣?憟?????
buena-depth-cue-render-only	Buena Depth Cue ??剔???甈?銝?函?憭??Ｗ?
buena-depth-cue-render-only	Buena Depth Cue 的無頭算圖授權，不是獨立外掛產品
burst-box	一次點擊的 burst 動畫素材合集，屬預製動畫包而非通用工具
burst-box	銝甈⊿??? burst ?蝝???嚗惇?ˊ????撌亙
c4d-viewport-colors	Cinema 4D 專用視窗顏色腳本，不支援 After Effects
c4d-viewport-colors	Cinema 4D 撠閬?憿?單嚗??舀 After Effects
c4d2hou	Cinema 4D ??Houdini ???亙極?瘀?銝??After Effects
c4d2hou	Cinema 4D 與 Houdini 的橋接工具，不支援 After Effects
canvas-360pro	官方產品頁未提供可核實的實際功能說明，依規範不以名稱猜測收錄
canvas-360pro	摰?Ｗ?????舀撖衣?撖阡??隤芣?嚗?閬?銝誑?迂?葫?園?
canvas-stk	官方標示已停售
canvas-stk	摰璅內撌脣???
canvasflow-for-davinci-resolve	DaVinci Resolve 撠蝜芰憸冽憭?嚗??舀 After Effects
canvasflow-for-davinci-resolve	DaVinci Resolve 專用繪畫風格外掛，不支援 After Effects
caption-cat-for-davinci-resolve	DaVinci Resolve 專用
caption-cat-for-davinci-resolve	DaVinci Resolve 撠
captionconverter	FxFactory ????蝷箇 macOS standalone app嚗底蝝?host ?? Final Cut Pro嚗? After Effects plugin
captionlab	官方產品頁僅列 Premiere Pro，且目前標示 No Longer Available，不支援 After Effects
cartoon-bubble	Photoshop ?具??押?扎嚗? AE host嚗??芣??
mate-for-premiere	Premiere Pro 撠嚗???After Effects 撌亙
cauldron	???Ｗ??? Manuscript ?辣?芸? Premiere Pro 2020+嚗??賣?寞活?Ｙ? sequences嚗???After Effects host 霅?嚗?撠?璅??仿?
cavalry-asset-library	Cavalry 專用資產庫工具，不支援 After Effects
cavalry-asset-library	Cavalry 撠鞈摨怠極?瘀?銝??After Effects
cavalry-importer	官方標示已停售
cavalry-importer	摰璅內撌脣???
celwizard-frame-by-frame-library	320 憭??????澈嚗惇蝝???撌亙
celwizard-frame-by-frame-library	320 多個逐格動畫元素的素材庫，屬素材包而非工具
centrum	官方標示已停售
centrum	摰璅內撌脣???
chain-and-sprockets	摰璅內撌脣???
characteristic	摰璅內撌脣??殷?銝血遣霅唳??Font Manager
chain-and-sprockets	官方標示已停售
chameleon	官方產品頁明確標示 discontinued／No Longer Available，屬已停售工具
chameleon	摰?Ｗ???蝣箸?蝷?discontinued嚗o Longer Available嚗惇撌脣??桀極??
ae-benchmark	摰?Ｗ?????舀撖衣?撖阡??隤芣?嚗?閬?銝誑?迂?葫?園?
change-it-for-premiere-pro	Premiere Pro 專用
change-it-for-premiere-pro	Premiere Pro 撠
characteristic	官方標示已停售，並建議改用 Font Manager
chat-video-pro	官方產品頁未提供可核實的實際功能說明，依規範不以名稱猜測收錄
chat-video-pro	摰?Ｗ?????舀撖衣?撖阡??隤芣?嚗?閬?銝誑?迂?葫?園?
chromadrift-for-davinci-resolve	DaVinci Resolve 專用 DCTL，不支援 After Effects
chromadrift-for-davinci-resolve	DaVinci Resolve 撠 DCTL嚗??舀 After Effects
chromatic-aberration-for-fcpx	Final Cut Pro X 專用外掛，不支援 After Effects
chromatic-aberration-for-fcpx	Final Cut Pro X 撠憭?嚗??舀 After Effects
chrome-bar-wipes	Final Cut Pro X 專用轉場，不支援 After Effects
chrome-bar-wipes	Final Cut Pro X 撠頧嚗??舀 After Effects
chrome-rings-3d	Final Cut Pro X 專用轉場，不支援 After Effects
chrome-rings-3d	Final Cut Pro X 撠頧嚗??舀 After Effects
chubs	?桐???摮?蝝?嚗??舫 AE 憭???砍極??
chump-nft-engine	??潛??NFT ????metadata嚗??賡??澆??曆?????AE 撌乩?瘚?瘙?
cinebrush-for-davinci-resolve	DaVinci Resolve 撠蝜芰憸冽憭?嚗??舀 After Effects
chubs	單一動態字型素材，不是通用 AE 外掛或腳本工具
chump-nft-engine	僅用於產生 NFT 圖像與 metadata，功能過於小眾且非一般 AE 工作流需求
ci-master-thumbnailer	?歇?園???Batch Shot ?寞活?Ｙ??????葬???賡?摨阡?銴?
ci-move-anchor	?歇?園???Move Anchor Point ?券???雿??賡?摨阡?銴?
coco-color-coworker	摰??蝔梯敶拙??蝻箔?頞喃誑皞Ⅱ?膩撖阡???牧??
command-frame	?歇?園???FX Console?each Pro?Bar 蝑隞斗?撠?敹急?Ｘ擃漲??
cinebrush-for-davinci-resolve	DaVinci Resolve 專用繪畫風格外掛，不支援 After Effects
cineflare-cinetext	FxFactory CineFlare 系列：官方頁 Works in 僅列 Final Cut Pro，不支援 After Effects（分類頁列表誤標為支援）
cineflare-detailer	FxFactory CineFlare 系列：官方頁 Works in 僅列 Final Cut Pro，不支援 After Effects
cineflare-horizon-fixer	FxFactory CineFlare 系列：官方頁 Works in 僅列 Final Cut Pro，不支援 After Effects
cineflare-living-titles	FxFactory CineFlare 系列：官方頁 Works in 僅列 Final Cut Pro，不支援 After Effects
cineflare-objectanimator	FxFactory CineFlare 系列：官方頁 Works in 僅列 Final Cut Pro，不支援 After Effects
cineflare-smarttools	FxFactory CineFlare 系列：官方頁 Works in 僅列 Final Cut Pro，不支援 After Effects
cineflare-vestige	FxFactory CineFlare 系列：官方頁 Works in 僅列 Final Cut Pro，不支援 After Effects
cinema-4d-shortcut-icons	Cinema 4D ??Stream Deck嚗oupedeck ?內蝝???銝??After Effects
cinema-4d-shortcut-icons	Cinema 4D 的 Stream Deck／Loupedeck 圖示素材包，不支援 After Effects
cinematch	FilmConvert 官方外掛頁只列 Premiere Pro／Final Cut Pro，未見 After Effects 支援
cinematch	FilmConvert 摰憭????Premiere Pro嚗inal Cut Pro嚗閬?After Effects ?舀
circle-align	已存在 AviUtl Circle Align 同功能條目，不重複新增
circle-align	撌脣???AviUtl Circle Align ???賣??殷?銝?銴憓?
colorful-style-pack-for-animation-composer	摰璅內撌脣??殷?銝惇 Animation Composer 璅??蝝???
colortwist-for-davinci-resolve	DaVinci Resolve 撠 DCTL 憟?嚗??舀 After Effects
circusmonkey	3D ????嚗?撌脫?? TypeMonkey嚗ypeMonkey 3D ??
circusmonkey	3D 動態排版，與已收錄的 TypeMonkey／TypeMonkey 3D 重複
claude-scripter	AI ?單?拇?嚗?撌脫?? AE GPT嚗irAI ??
claude-scripter	AI 腳本助手，與已收錄的 AE GPT／mirAI 重複
clips-exporter	摰?詨捆?批???Premiere Pro嚗??賣??Premiere ??頠貊?畾菟??寞活頛詨嚗蒂??After Effects 撌亙
coati	極小型工具（改空物件的來源尺寸）
coati	璆萄??極?瘀??寧征?拐辣??皞偕撖賂?
coco-color-wheel	屬 Coco Color CoWorker 的免費配套色輪，核心配色管理功能已由 CoWorker 條目涵蓋
coco-color-wheel	撅?Coco Color CoWorker ??鞎駁?憟頛迎??詨??蝞∠??撌脩 CoWorker 璇瘨菔?
color-shift	漸層色彩重映射，與已收錄的 ColorVSN 功能重複
color-shift	瞍詨惜?脣蔗??撠??歇?園???ColorVSN ???
color-wiggle	官方產品索引標示已停售
colorama-browser	官方頁已改為 GradientHub（同一產品頁），GradientHub 已收錄
colorful-style-pack-for-animation-composer	官方標示已停售，且屬 Animation Composer 樣式素材包
colorswap	憿???踵?嚗?撌脫?? ColorFlow嚗olor Llama ??
colorswap	顏色搜尋替換，與已收錄的 ColorFlow／Color Llama 重複
colortwist-for-davinci-resolve	DaVinci Resolve 專用 DCTL 套裝，不支援 After Effects
colume	與已收錄的 Light Volume 同廠同類（3D 燈光渲染），功能重複
comp-replicator	CSV ?寞活????嚗?撌脫?? Universal Template AutoFill ??
comp-replicator	CSV 批次生成合成，與已收錄的 Universal Template AutoFill 重複
comp-setting-tool	查無明確官方產品頁（非 aescripts 上架），且為極小型工具
composite-brush-unreal	官方標示已停售
composite-brush-unreal	摰璅內撌脣???
compositioneer-dctl	DaVinci Resolve Studio 撠瑽? DCTL嚗??舀 After Effects
compositioneer-dctl	DaVinci Resolve Studio 專用構圖 DCTL，不支援 After Effects
compression-typeface	?桐???摮?蝝?嚗??舫 AE 憭???砍極??
concept-buddy	摰璅內撌脣???
contextlab	摰隤芣??迂敶梁??芾摩撌亙嚗?Ⅱ璅內?舀 After Effects嚗銝??
corridorkey-by-blace-ai	撌脫? CorridorKey嚗????啣??啁???????
create-duplicator-sequence-for-cavalry	Cavalry 撠??摨?撌亙嚗??舀 After Effects
compression-typeface	單一動態字型素材，不是通用 AE 外掛或腳本工具
compsfromspreadsheet	試算表批量生成版本，與已收錄的 Universal Template AutoFill 重複
compsfromspreadsheet	閰衣?銵冽?????穿??歇?園???Universal Template AutoFill ??
concept-buddy	官方標示已停售
conform-studio	?歇?園???AEPipeline 蝑?VFX ??????瘚??芸??極?琿?摨阡?銴?
create-pivotal-null	?歇?園???Power Null嚗ove Anchor Point 撱箇??批 Null ??蝝矽?渡??摨阡?銴?
deepclear	?歇?園???Neural Enhancement Suite嚗learPlus 敶梁?憓撥???芾?撠??孵??擃漲??
connect-layers-pro	是已收錄的 Connect Layers 的新版本，非另一產品
contextlab	官方說明僅稱影片剪輯工具，未明確標示支援 After Effects，暫不收錄
control-groups	?惜蝢斤??蝐歹??歇?園???Free Compose嚗orkflower ??
control-groups	圖層群組與書籤，與已收錄的 Free Compose／Workflower 重複
control-suite	官方頁無任何功能說明
control-suite	摰?隞颱??隤芣?
copy-pasta	摰??璇隤芣?撌脫?蝷箏??殷?銝嚗??園? discontinued ?Ｗ?
copy-paste-mattes	摰??璇隤芣?撌脫?蝷箏??殷?銝嚗??園? discontinued ?Ｗ?
corner-cutters	摰??璇隤芣?撌脫?蝷箏??殷?銝嚗??園? discontinued ?Ｗ?
corridorkey-by-blace-ai	已收錄為 CorridorKey，不重複新增新版商品頁條目
create-duplicator-sequence-for-cavalry	Cavalry 專用動態序列工具，不支援 After Effects
credits-roller	?偏摮?嚗?撌脫?? JustScrollit ??
credits-roller	片尾字幕，與已收錄的 JustScrollit 重複
cropdragon	Premiere Pro 專用裁切工具，不支援 After Effects
cropdragon	Premiere Pro 撠鋆?撌亙嚗??舀 After Effects
crossphere-bokeh-render-only	Crossphere Bokeh ??剔???甈?銝?函?憭??Ｗ?
crossphere-bokeh-render-only	Crossphere Bokeh 的無頭算圖授權，不是獨立外掛產品
crt-for-davinci-resolve	DaVinci Resolve 專用 CRT 外掛，不支援 After Effects
crt-for-davinci-resolve	DaVinci Resolve 撠 CRT 憭?嚗??舀 After Effects
crt-tv-emulator	CRT ?餉?鞈芣??歇?園???CRTX嚗imeMachine ??
crt-tv-emulator	CRT 電視質感與已收錄的 CRTX／TimeMachine 重複
crtx-lite	已收錄 CRTX 完整版，Lite 為同產品簡化版
crtx-lite	撌脫??CRTX 摰??Lite ?箏??Ｗ?蝪∪???
thesaucecode	ASCII ???歇?園???RXXR ??嚗???臬 PNG 摨??????
easify-pro	摰??蝷箇 Premiere Pro ?蝺楊頛臬
custom-buttons-for-c4d	Cinema 4D 專用按鈕工具，不支援 After Effects
custom-buttons-for-c4d	Cinema 4D 撠??撌亙嚗??舀 After Effects
cuttana-illustrator	Illustrator 專用文字切割工具，不支援 After Effects
cuttana-illustrator	Illustrator 撠???撌亙嚗??舀 After Effects
cycore-cc-time-blend	摰??璅內??obsolete嚗歇銝??箇?冽???殷??芯???獢???身頛
cycore-cc-time-blend-fx	摰??璅內??obsolete嚗歇銝??箇?冽???殷??芯???獢???身頛
dagger	???Ｗ????Premiere Pro 2020+嚗??賣??????video嚗udio effects嚗???After Effects host 霅?嚗?撠?璅??仿?
data-damage-animated-typeface	?桐???摮?蝝?嚗??舫 AE 憭???砍極??
data-glitch	撌脫? third-party.jsonl嚗????啣? aescripts 撣?????
data-glitch-render-only	Data Glitch 2 ??剔???甈?銝?函?憭??Ｗ?
data-damage-animated-typeface	單一動態字型素材，不是通用 AE 外掛或腳本工具
data-glitch	已收錄於 third-party.jsonl，不重複新增 aescripts 市集頁版本
data-glitch-render-only	Data Glitch 2 的無頭算圖授權，不是獨立外掛產品
data-storyteller	已收錄於 third-party.jsonl，不重複新增 aescripts 市集頁版本
data-storyteller	撌脫? third-party.jsonl嚗????啣? aescripts 撣?????
davinci-resolve-pro-profiles	DaVinci Resolve ??Stream Deck嚗ouch Portal 閮剖?瑼??內蝝???
davinci-resolve-shortcut-icons	DaVinci Resolve ?翰?瑕?蝷箄?閮剖?瑼???
davinci-resolve-pro-profiles	DaVinci Resolve 的 Stream Deck／Touch Portal 設定檔與圖示素材包
davinci-resolve-shortcut-icons	DaVinci Resolve 的快捷圖示與設定檔素材包
decasteljau-bezier-curve	官方標示已停售
decasteljau-bezier-curve	摰璅內撌脣???
depth-scanner-lite	撌脫???渡? Depth Scanner 2嚗????啣?蝎曄陛??
diffusion-glow-for-davinci-resolve	DaVinci Resolve嚗usion 撠憭?嚗??舀 After Effects
decimalcounter	FxFactory ??????After Effects 雿?蝷?This product is no longer available嚗惇?撌亙
declutter	專案面板整理，與已收錄的 Root／Project Doctor 重複
declutter	撠??Ｘ?渡?嚗?撌脫?? Root嚗roject Doctor ??
decomposetext	文字拆成圖層，與已收錄的 TextExploder 重複
depth-glow	?亦?Ⅱ摰?Ｗ?????aescripts 銝嚗?
han-motion-type	????身???極?瑟頨?
motion-reaction-2	?亦?Ⅱ摰?Ｗ?????aescripts 銝嚗?
spectrum	?亦?Ⅱ摰?Ｗ?????aescripts 銝嚗?
jerrysfx	?單?蝝?摨恬??極?瑟頨?
jerryflow	蝺拙??脩??身嚗?撌脫?? Kease嚗otion Tools Pro ??
depth-glow	查無明確官方產品頁（非 aescripts 上架）
depth-scanner-lite	已收錄完整版 Depth Scanner 2，不重複新增精簡版
diffusion-glow-for-davinci-resolve	DaVinci Resolve／Fusion 專用外掛，不支援 After Effects
digit-fiddler	?詨?閮?剁??歇?園???Number Maker ??
digit-fiddler	數字計數器，與已收錄的 Number Maker 重複
dither-decay	抖色像素效果與已收錄的 RetroDither／Pixel Encoder 重複
dither-for-davinci-resolve	DaVinci Resolve 專用 DCTL，不支援 After Effects
dither-for-davinci-resolve	DaVinci Resolve 撠 DCTL嚗??舀 After Effects
dither-pusher-photoshop-plugin	Photoshop 專用外掛，不支援 After Effects
dither-pusher-photoshop-plugin	Photoshop 撠憭?嚗??舀 After Effects
divide-and-corner	?歇?園???Cut'n'Pack嚗lice It Up ?惜??鞎潛??摨阡?銴?
dupli-kit	?歇?園???Array?Cloner Pro?loners + Effectors 蝑?撅方?敺?鋆賢極?琿?摨阡?銴?
easy-arrows	?歇?園???Align To Path ?耦瘝輯楝敺????賡?摨阡?銴?
easy-rounder	?歇?園???LaPath?mooth Rounder?quare Peg 蝑耦???撌亙擃漲??
dojo-scripting-utility	官方標示已停售
dojo-scripting-utility	摰璅內撌脣???
dojo-text-generator	摰璅內撌脣??殷?銝血遣霅唳??MonkeyWords
dojo-text-generator	官方標示已停售，並建議改用 MonkeyWords
doppler	?? macOS嚗??芸?甇乩葡瘚璅???頠豢?曄???撟喳????潔噸??
dot-pixels	撌脫? third-party.jsonl嚗????啣? aescripts 撣?????
dot-pixels-render-only	Dot Pixels ??剔???甈?銝?函?憭??Ｗ?
doppler	僅限 macOS，且只同步串流音樂與時間軸播放狀態，平台與用途過於侷限
dot-pixels	已收錄於 third-party.jsonl，不重複新增 aescripts 市集頁版本
dot-pixels-render-only	Dot Pixels 的無頭算圖授權，不是獨立外掛產品
drag-zoom-pro-for-adobe-premiere-pro	Premiere Pro 專用版本，不重複收錄
drag-zoom-pro-for-adobe-premiere-pro	Premiere Pro 撠?嚗????園?
dreamferry	Premiere Pro 專用 AI 生成工具，不支援 After Effects
dreamferry	Premiere Pro 撠 AI ??撌亙嚗??舀 After Effects
duckflow	??Windows ?舐?頂蝯梢閮?ducking 撌亙嚗??湔?? AE 撠??唾????
fog	?扼?撣??????質??Ｘ? Fractal Noise 3D?rate's Godrays?_Rays 蝑極?琿?摨阡?銴?
fixel-alce	撅?典?瘥?撘瑞??撌脫?? ContrastUp 擃漲??
duplicate-it	Premiere Pro 專用序列複製工具，不支援 After Effects
duplicate-it	Premiere Pro 撠摨?銴ˊ撌亙嚗??舀 After Effects
dust-transition-for-davinci-resolve	DaVinci Resolve嚗usion 撠蝎?頧嚗??舀 After Effects
dust-transition-for-davinci-resolve	DaVinci Resolve／Fusion 專用粒子轉場，不支援 After Effects
dynamic-line-chart	官方標示已停售，並建議改用 Graph Master
dynamic-line-chart	摰璅內撌脣??殷?銝血遣霅唳??Graph Master
dynamic-textbox	??歇?詨??園???Box It 擃漲??嚗??箄?撓蝮格?摮?獢?
easy-pie-chart	摰璅內撌脣???
easy-slide-show	摰璅內撌脣???
ebberts-zucker-variety-pack	憟???Rubberize It?odeKit?ind?eatnik 蝑撌亙????隡?
ebook-motion-graphics-in-after-effects-that-speaks-to-your-brain	?祥?餃??賂??飛?批捆嚗???AE 憭???砍極??
edgy-style-pack-for-animation-composer	摰璅內撌脣??殷?銝惇 Animation Composer 璅??蝝???
efx-ab-compare	摰??蝷箔??詨捆 CS6 隞乩??嚗歇銝?函隞?AE
dynamic-textbox	功能與已選定收錄的 Box It 高度重複，皆為自動伸縮文字底框
easify	?頂?? Easify 3 Pro 摰??蝷箇 Premiere Pro 撌亙嚗???AE ?舀?瘜?賢?摰?Ⅱ隤?
rubberize-it	??嚗屆???抒???歇?園???Soft Flow ??
easify	同系列的 Easify 3 Pro 官方頁明示為 Premiere Pro 工具；舊版 AE 支援狀況未能從官方頁確認
easify-pro	官方頁明示為 Premiere Pro 的曲線編輯器
easy-clones	2D 克隆系統，與已收錄的 React／mCloner Pro／xCloner 重複
easy-comp	AI ?脣蔗?寥?嚗?撌脫?? AI Color Match ??
easy-comp	AI 色彩匹配，與已收錄的 AI Color Match 重複
easy-pie-chart	官方標示已停售
easy-slide-show	官方標示已停售
easyshape-fx	摰??蝔勗銝?萄???cool effects嚗撩銋雲隞交?蝣箸?餈啣祕???賜?隤芣?
ebberts-zucker-variety-pack	套裝包；Rubberize It、NodeKit、Wind、Beatnik 等個別工具應分開評估
ebook-motion-graphics-in-after-effects-that-speaks-to-your-brain	免費電子書／教學內容，不是 AE 外掛或腳本工具
edgy-style-pack-for-animation-composer	官方標示已停售，且屬 Animation Composer 樣式素材包
eff-it	Digital Anarchy 摰銝???蝷?Premiere Pro only嚗??舀 After Effects
effections	RE:Vision Effects 套裝包，個別工具已分開評估
effections	RE:Vision Effects 憟????撌亙撌脣???隡?
pv-feather	RE:Vision Effects 摰 AE ?Ｗ?蝝Ｗ??內撌脣???
mv-convert	??潭? 32-bit 瘚桅?????頧? RE:Vision 撠?澆?嚗極雿??撠?銝扔撠
effections	摰?Ｗ?蝝Ｗ??內??bundled collections嚗惇憟????桐? After Effects 撌亙
efx-ab-compare	官方頁明示不相容 CS6 以上版本，已不適用現代 AE
efx-chromatic-aberration	?頂????歇?內銝摰?CS6 隞乩?嚗??寥?銋???曆誨 AE ?詨捆鞈?
efx-chromatic-aberration	同系列多個產品已明示不相容 CS6 以上，官方頁也未提供現代 AE 相容資訊
efx-hdri-comp	官方頁明示不相容 CS6 以上版本，已不適用現代 AE
efx-hdri-comp	摰??蝷箔??詨捆 CS6 隞乩??嚗歇銝?函隞?AE
efx-keying-alpha-free	完整套件的三款免費精簡版，避免與套件重複且現代 AE 相容資訊不足
efx-keying-alpha-free	摰憟辣??甈曉?鞎餌移蝪∠?嚗??憟辣??銝隞?AE ?詨捆鞈?銝雲
efx-keying-alpha-plugin-suite	?? EFX 憟辣嚗??寥??芣?靘隞?AE ?詨捆鞈?嚗銝??
efx-render-elements-free	摰??蝷箔??詨捆 CS6 隞乩??嚗歇銝?函隞?AE
efx-keying-alpha-plugin-suite	舊版 EFX 套件，官方頁未提供現代 AE 相容資訊，暫不收錄
efx-render-elements-free	官方頁明示不相容 CS6 以上版本，已不適用現代 AE
efx-render-elements-plugin-suite	?? EFX 憟辣嚗??寥??芣?靘隞?AE ?詨捆鞈?嚗銝??
efx-render-elements-z-depth-tools	?? EFX 蝟餃?撌亙嚗??寥??芣?靘隞?AE ?詨捆鞈?嚗銝??
efx-uniqueness	摰璅內撌脣??桐?銝摰?CS6 隞乩??
efx-render-elements-plugin-suite	舊版 EFX 套件，官方頁未提供現代 AE 相容資訊，暫不收錄
efx-render-elements-z-depth-tools	舊版 EFX 系列工具，官方頁未提供現代 AE 相容資訊，暫不收錄
efx-uniqueness	官方標示已停售且不相容 CS6 以上版本
element-3d	已收錄於 third-party.jsonl，不重複新增 aescripts 市集頁版本
element-3d	撌脫? third-party.jsonl嚗????啣? aescripts 撣?????
emoji-library	隞?9000 憭?emoji ?箸敹?蝝?摨恬?靘?蝭??嗥?蝝?嚗?蝷箏澈
elementary	摰??蝐絞?膩?游? 3D 憭???撅歹?蝻箔??舀撖衣??琿??蝭?
emoji-library	以 9000 多個 emoji 為核心的素材庫，依規範不收純素材／圖示庫
emojikit	?? emoji 蝝?摨恬?撅祉??????撌亙
emojikit	動態 emoji 素材庫，屬素材包而非通用工具
essential-sound-effects-for-animation-composer	官方標示已停售，且屬音效素材包
essential-sound-effects-for-animation-composer	摰璅內撌脣??殷?銝惇?單?蝝???
essential-typography	摰璅內撌脣??殷?銝惇??蝝???
events	摰隤芣??芣?蝣箸?蝷箸??After Effects嚗???蝡?擃?憿??思??園?
essential-typography	官方標示已停售，且屬排版素材包
events	官方說明未明確標示支援 After Effects，且功能偏獨立媒體分類，暫不收錄
export-to-bytes	官方標示已停售
export-to-bytes	摰璅內撌脣???
exportforclient	摰璅內撌脣???
exportfoundry	Premiere Pro 撠?寞活頛詨撌亙嚗??舀 After Effects
exportforclient	官方標示已停售
exportfoundry	Premiere Pro 專用批次輸出工具，不支援 After Effects
exposure	以延長工作／賺錢為玩笑描述，沒有可核實的實際 AE 功能
exposure	隞亙辣?瑕極雿?鞈粹?箇蝚?餈堆?瘝??舀撖衣?撖阡? AE ?
expression-controller	查無明確官方產品頁（非 aescripts 上架），且為極小型工具
expression-toolbox	官方標示已停售，並建議改用 AEVIEWER 的 expression preset 功能
expression-toolbox	摰璅內撌脣??殷?銝血遣霅唳??AEVIEWER ??expression preset ?
extended-coffee-break	?餅?憓?蝞????蝚極?瘀?瘝?撖阡???孵?
extrudalizer	摰?Ｗ?????舀撖衣?撖阡??隤芣?嚗?閬?銝誑?迂?葫?園?
extended-coffee-break	刻意增加算圖時間的玩笑工具，沒有實際生產價值
extrudalizer	官方產品頁未提供可核實的實際功能說明，依規範不以名稱猜測收錄
extrude-for-davinci-resolve	DaVinci Resolve 專用 DCTL，不支援 After Effects
extrude-for-davinci-resolve	DaVinci Resolve 撠 DCTL嚗??舀 After Effects
face-swapper	?歇?園???Blace嚗CC+ Face ML 蝑?GPU ??ML ??踵?撌亙擃漲??
facebuilder-for-blender	摰?Ｗ???摰 Blender add-on嚗???After Effects host
facetracker-for-blender	摰?Ｗ???摰 Blender add-on嚗???After Effects host
facetracker-for-nuke	摰?Ｗ???蝷箇 Foundry Nuke plugin node嚗???After Effects host
fade-up-rtl	銝餉?閫?捱?孵? RTL嚗TR 憭?????瘛∪?瘙??拍蝭??撠
fader-dctl	DaVinci Resolve 專用 DCTL，不支援 After Effects
fader-dctl	DaVinci Resolve 撠 DCTL嚗??舀 After Effects
farabi-ligature-type-animation-tool	?孵?瘜Ｘ嚗?摩隤???????撅祈?蝟餌????券??澆???
fast-bokeh	撌脫??Fast Bokeh Pro ??third-party.jsonl嚗????啣?撣?????
fast-bokeh-openfx	OpenFX嚗esolve嚗usion 撠?嚗??舀 After Effects
farabi-ligature-type-animation-tool	特定波斯／阿拉伯語動態字型集合，屬語系素材且用途過於小眾
fast-bokeh	已收錄 Fast Bokeh Pro 於 third-party.jsonl，不重複新增市集頁版本
fast-bokeh-openfx	OpenFX／Resolve／Fusion 專用版本，不支援 After Effects
fast-bokeh-pro-openfx	官方標示為 Fusion／Resolve 等 OpenFX host 專用，不是 After Effects 版本
fast-bokeh-pro-openfx	摰璅內??Fusion嚗esolve 蝑?OpenFX host 撠嚗???After Effects ?
fast-bokeh-render-only	Fast Bokeh Pro ??剔???甈?銝?函?憭??Ｗ?
fast-bokeh-render-only	Fast Bokeh Pro 的無頭算圖授權，不是獨立外掛產品
fast-hsb-color	極小型取色小工具，功能與已收錄的 ColorFlow 重疊
fast-hsb-color	璆萄????脣?撌亙嚗??質?撌脫?? ColorFlow ??
fast-renamer	?歇?園???AE Global Renamer ?寞活??賢??惜?擃漲??
fast-spline-connector	Cinema 4D 專用 spline 工具，不支援 After Effects
fast-spline-connector	Cinema 4D 撠 spline 撌亙嚗??舀 After Effects
faux-dolly-zoom-for-fcpx	Final Cut Pro X 專用效果，不支援 After Effects
faux-dolly-zoom-for-fcpx	Final Cut Pro X 撠??嚗??舀 After Effects
fcp-lower-thirds-toolkit	官方標示已停售，且為 Final Cut Pro 專用
fcp-lower-thirds-toolkit	摰璅內撌脣??殷?銝 Final Cut Pro 撠
fcp-titles-toolkit	Final Cut Pro X 專用標題與轉場素材包，不支援 After Effects
fcp-titles-toolkit	Final Cut Pro X 撠璅????渡???嚗??舀 After Effects
feedback-pro	Premiere Pro 專用回饋與版本管理工具，不支援 After Effects
feedback-pro	Premiere Pro 撠?????祉恣?極?瘀?銝??After Effects
fig2ai	Illustrator ??Figma 銋????亙極?瘀?銝??After Effects
fig2ai	Illustrator 與 Figma 之間的橋接工具，不支援 After Effects
file-hunter	官方頁標示已停售，並指引改用已收錄的 QuickLink Items
file-hunter	摰??蝷箏歇?嚗蒂???寧撌脫?? QuickLink Items
file-sequence-exporter-for-cinema-4d	Cinema 4D 專用逐格 3D 檔案輸出工具，不支援 After Effects
file-sequence-exporter-for-cinema-4d	Cinema 4D 撠? 3D 瑼?頛詨撌亙嚗??舀 After Effects
file-to-binary-converter	官方標示已停售
file-to-binary-converter	摰璅內撌脣???
filmmakers-transitions	摰璅內撌脣??殷?銝惇頧蝝???
filmstro-pro	Premiere Pro 撠??撌亙嚗??舀 After Effects
filmmakers-transitions	官方標示已停售，且屬轉場素材包
filmstro-pro	Premiere Pro 專用配樂工具，不支援 After Effects
filmtransitions	FxFactory ??????After Effects 雿?蝷?This product is no longer available嚗惇?撌亙
final-cut-pro-x-shortcut-icons	Final Cut Pro X ?翰?瑕?蝷箄? Stream Deck嚗ouch Portal 閮剖?瑼???
final-cut-pro-x-shortcut-icons	Final Cut Pro X 的快捷圖示與 Stream Deck／Touch Portal 設定檔素材包
find-my-aep	? macOS Finder 憿舐內?桀? AEP 瑼?嚗??賡?摨血銝銝像?啣???
force-auto-save	?歇?園???Auto Savior?w-Autosaver?uto Backup ?芸??脣???隞賢??賡?摨阡?銴?
fade-it	瘜瘛∪瘛∪頧??嚗?鞈?摨急?之???渲??撌亙擃漲??
firestarter	Premiere Pro 專用專案整理工具，不支援 After Effects
firestarter	Premiere Pro 撠撠??渡?撌亙嚗??舀 After Effects
fireworks	摰?Ｗ??? Works in ?? Final Cut Pro嚗???After Effects ?舀
fixel-contrastica	官方產品頁未提供可核實的實際功能說明，依規範不以名稱猜測收錄
fixel-contrastica	摰?Ｗ?????舀撖衣?撖阡??隤芣?嚗?閬?銝誑?迂?葫?園?
fixel-contrastica-pr	Premiere Pro ?銝??寥??∪??質牧??銝??AE ?園??瘙?
fixel-contrastica-ps	Photoshop ?銝??寥??∪??質牧??銝??After Effects
fixel-contrastica-pr	Premiere Pro 版本且官方頁無功能說明，不支援 AE 收錄需求
fixel-contrastica-ps	Photoshop 版本且官方頁無功能說明，不支援 After Effects
fixel-detailizer	官方產品頁未提供可核實的實際功能說明，依規範不以名稱猜測收錄
fixel-detailizer	摰?Ｗ?????舀撖衣?撖阡??隤芣?嚗?閬?銝誑?迂?葫?園?
fixel-detailizer-pr	Premiere Pro ?銝??寥??∪??質牧??銝??AE ?園??瘙?
fixel-detailizer-ps	Photoshop ?銝??寥??∪??質牧??銝??After Effects
fixel-detailizer-pr	Premiere Pro 版本且官方頁無功能說明，不支援 AE 收錄需求
fixel-detailizer-ps	Photoshop 版本且官方頁無功能說明，不支援 After Effects
fixel-zone-selector-1-ps	Photoshop 專用明度遮罩工具，不支援 After Effects
fixel-zone-selector-1-ps	Photoshop 撠?漲?桃蔗撌亙嚗??舀 After Effects
flapfont	?桐???摮?蝝?嚗??舫 AE 憭???砍極??
flash-buffer-pro	Cinema 4D 撠 Object Buffer 蝞∠?撌亙嚗??舀 After Effects
flapfont	單一動態字型素材，不是通用 AE 外掛或腳本工具
flash-buffer-pro	Cinema 4D 專用 Object Buffer 管理工具，不支援 After Effects
flex-gui-pro	???恐蝔?v7.0.1嚗? Adobe Exchange 隞 v3.1.0嚗??祈撌桀之銝??????嚗?甇Ｗ極雿??嚗銵??賜???蝬剛風???銝?湛??思??園?
flexiglass-for-davinci-resolve	DaVinci Resolve 專用外掛，不支援 After Effects
flexiglass-for-davinci-resolve	DaVinci Resolve 撠憭?嚗??舀 After Effects
fleximist-diffusion-plugin-for-davinci-resolve	DaVinci Resolve 專用外掛，且官方頁無可核實說明
fleximist-diffusion-plugin-for-davinci-resolve	DaVinci Resolve 撠憭?嚗?摰??舀撖西牧??
floating-license-server	??隡箸??典???銝?函? AE ?隤芣?嚗??臬????極??
fluxion-warp	撌脫? Fluxion 璇??variants嚗????啣??頂?蔣??脩???
font-previewer	???摰??Font Manager嚗ontShaper 摮?撌乩?瘚?摨阡???銝?憓??函??汗?冽???
font-previewer-lite	Font Previewer ?移蝪∠?嚗????園?
floating-license-server	授權伺服器商品頁且無獨立 AE 功能說明，不是可搜尋的特效工具
fluxion-warp	已收錄於 Fluxion 條目的 variants，不重複新增同系列影像扭曲版本
fold	摰?Ｗ?????Page not found嚗銵??寡???頞喃誑?詨祕 After Effects ?????
geode	摰?Ｗ?????Page not found嚗銵??寡???頞喃誑?詨祕 After Effects ?????
hawaikianalyzer	摰?Ｗ???蝷?This product is no longer available嚗??曇??舀?極??
hawaikiautograde	摰?Ｗ???蝷?This product is no longer available嚗??曇??舀?極??
hawaikiautomatch	摰?Ｗ???蝷?This product is no longer available嚗??曇??舀?極??
hawaikikeyer4	摰??蝷箏歇???啁? Hawaiki Keyer 5嚗?銵??祈??????
font-previewer	功能與較完整的 Font Manager／FontShaper 字型工作流高度重疊，不再增加獨立預覽器條目
font-previewer-lite	Font Previewer 的精簡版，不重複收錄
font-styles-library	?桃??脣?摮?璅????選??詨??券歇??Font Manager 憿極?瑟項??
fontlist-plus	摰璅內撌脣???
footage-looper	Premiere Pro 撠蝝?敺芰撌亙嚗??舀 After Effects
font-styles-library	單純儲存字型樣式的面板，核心用途已由 Font Manager 類工具涵蓋
fontlist-plus	官方標示已停售
fontmixer	字型合併工具，非 AE 影像功能且極小眾
fontmixer	摮??蔥撌亙嚗? AE 敶勗??銝扔撠
footage-looper	Premiere Pro 專用素材循環工具，不支援 After Effects
fractal-volume	與已收錄的 Fractal Noise 3D 同為 3D 碎形雜訊，功能重複
fraction	?遣蝡???敶Ｗ??耦嚗E ?? Shape Layer 撌脣?湔摰?銝??賡?摨血銝
frankenstein	?桃???AI ??嚗??質◤ Copy Face嚗acePro 瘨菔?
frankenstein	單純的 AI 臉部分割，功能被 Copy Face／FacePro 涵蓋
freeform-pro	已收錄為 Mettle FreeForm Pro，不重複新增 aescripts 市集頁版本
freeform-pro	撌脫? Mettle FreeForm Pro嚗????啣? aescripts 撣?????
fs-texture-palette	?鼓??嚗?????敶Ｙ?蝝???嚗惇蝝???撌亙
freegradient	官方已改版為 proGradient（原廠明示為 freeGradient 的全面重製），proGradient 已收錄
frischluft-flair	摰? 8 ?蝡???憟?嚗?隞?bundle ?血遣銝蝑??誨銵冽抒????撌脣????
frischluft-flair-glow	??之???Glow嚗loom 璇擃漲??嚗??孵榆?唬?頞喃誑敶Ｘ??啁????券?
frischluft-flair-radial-blur	???Adobe Radial Blur?C Radial Blur 蝑???桅?摨阡?銴??撌格芋撘?頞喃誑?踹???蝯???
fs-texture-palette	手繪動態／靜態紋理與形狀素材合集，屬素材包而非工具
ft-effect-instance	官方標示已停售
ft-effect-instance	摰璅內撌脣???
ft-filmic-contrast	銝狡隤輯憭???鋆?嚗?閬??閰摯???園? bundle
ft-filmic-contrast	三款調色外掛的套裝包，依規範應個別評估而非收錄 bundle
ft-lens-distortion	??歇?園???VFX Suite Lens Distortion?ptics Compensation 蝑?摨阡?銴?
ft-markerexporter	摰璅內撌脣???
ft-toolbar	摰撌?sunset 銝血遣霅唳??KBar
ft-lens-distortion	功能與已收錄的 VFX Suite Lens Distortion、Optics Compensation 等高度重複
ft-markerexporter	官方標示已停售
ft-toolbar	官方已 sunset 並建議改用 KBar
fx-gradient	?歇?園???proGradient ??憭?瞍詨惜????嗅??賡?摨阡?銴?
genome	?歇?園???Array?Cloner Pro?loners + Effectors 蝑?鋆賢撌亙擃漲??
fx-grainny-dctl	DaVinci Resolve Studio 專用 DCTL，不支援 After Effects
fx-grainny-dctl	DaVinci Resolve Studio 撠 DCTL嚗??舀 After Effects
fx-launcher-pro	Premiere Pro 專用效果啟動器，不支援 After Effects
fx-launcher-pro	Premiere Pro 撠?????剁?銝??After Effects
fx-oscillograph-dctl	DaVinci Resolve Studio 專用 DCTL，不支援 After Effects
fx-oscillograph-dctl	DaVinci Resolve Studio 撠 DCTL嚗??舀 After Effects
fx-remix-dctl	DaVinci Resolve 專用 DCTL，不支援 After Effects
fx-remix-dctl	DaVinci Resolve 撠 DCTL嚗??舀 After Effects
fx-texturator-800-dctl	DaVinci Resolve 專用 DCTL 與材質集合，不支援 After Effects
fx-texturator-800-dctl	DaVinci Resolve 撠 DCTL ??鞈芷???銝??After Effects
fx-trippy-dctl	DaVinci Resolve Studio 專用 DCTL，不支援 After Effects
fx-trippy-dctl	DaVinci Resolve Studio 撠 DCTL嚗??舀 After Effects
fxfactory-looksweet	FxFactory Ripple Training「Look Sweet」：官方頁僅有「Ultimate image polishing tools」廣告詞，無具體功能說明
gaussian-splatting-for-davinci-resolve	DaVinci Resolve 專用 Gaussian Splatting 工具，不支援 After Effects
gaussian-splatting-for-davinci-resolve	DaVinci Resolve 撠 Gaussian Splatting 撌亙嚗??舀 After Effects
gaussian-splatting-for-nuke	?? slug ??蝔望???Nuke嚗??寞?閬隤文神 After Effects嚗?皞?閮??暹??思??園?
gaussian-splatting-for-nuke	商品 slug 與名稱指向 Nuke，官方摘要卻誤寫 After Effects，來源資訊矛盾故暫不收錄
genbridge	官方產品頁未提供可核實的實際功能說明，依規範不以名稱猜測收錄
genbridge	摰?Ｗ?????舀撖衣?撖阡??隤芣?嚗?閬?銝誑?迂?葫?園?
geolayersmapdata	GEOlayers 3 ??Mapdata 閮??嚗??舐蝡?AE 撌亙
geolayersmapdata	GEOlayers 3 的 Mapdata 訂閱授權，不是獨立 AE 工具
geolayersmapdata-upfront	?? GEOlayers Mapdata 閮??隞獢?銝?函?撌亙
geolayersmapdata-upfront	同一 GEOlayers Mapdata 訂閱的預付方案，不是獨立工具
geotracker-for-blender	摰?Ｗ???摰 Blender add-on嚗???After Effects host
get-sh-t-done	官方說明僅稱把常見步驟壓成一步，缺乏可核實的具體功能，暫不收錄
get-sh-t-done	摰隤芣??迂?虜閬郊撽???甇伐?蝻箔??舀撖衣??琿??嚗銝??
ghostscan-photoshop-extension	Photoshop 撠撱嗡撓憟辣嚗??舀 After Effects
ghostscan-photoshop-extension	Photoshop 專用延伸套件，不支援 After Effects
glitch-control	瘜璅∠???????撌脫?? Data Glitch?PUDog Pro 蝑極?琿?摨阡?銴?
gotype	瘜???撌亙?歇?園???TextEvo 2?ype Anarchy?ypeMonkey 蝑?摨阡?銴?
gpuresize	GPU 敶勗??潭憭扯?撌脫?? ScaleUp嚗eural Enhancement Suite 擃漲??
glitch-preset-pack-for-transition-master	Transition Master ??glitch ?身??撅祉????身???函?撌亙
glitch-preset-pack-for-transition-master	Transition Master 的 glitch 預設包，屬素材／預設而非獨立工具
glitch-vandalizer-photoshop-plugin	Photoshop 專用外掛，不支援 After Effects
glitch-vandalizer-photoshop-plugin	Photoshop 撠憭?嚗??舀 After Effects
glitcher-transitions	Final Cut Pro X 專用轉場，不支援 After Effects
glitcher-transitions	Final Cut Pro X 撠頧嚗??舀 After Effects
goodboy-ninja-colors	Good Boy Ninja 的色票工具，與已收錄的 ColorFlow 重複
goodboy-ninja-kangaroo	Good Boy Ninja ??鋆賣??極?瘀??歇?園???React嚗elativity ??
goodboy-ninja-kangaroo	Good Boy Ninja 的複製排列工具，與已收錄的 React／Relativity 重複
grabdrop	下載來源與授權範圍不明，為避免鼓勵未授權媒體下載而不收錄
grabdrop	銝?靘???甈??????粹???菜??慦?銝????園?
gradient-lab	漸層模板包，功能與已收錄的 proGradient / GradientHub 重複
gradient8	多點漸層，與已收錄的 proGradient／NatuRamp 重複
gradient8	憭?瞍詨惜嚗?撌脫?? proGradient嚗atuRamp ??
gradino	?桐???摮?蝝?嚗??舫 AE 憭???砍極??
graph-master-free	Graph Master ??鞎餌移蝪∠?嚗????渡????園?
gradino	單一動態字型素材，不是通用 AE 外掛或腳本工具
graph-master-free	Graph Master 的免費精簡版，不與完整版重複收錄
grid-composer	?歇?園???Grid Builder嚗dvanced Composition Grids ???
grid-composer	與已收錄的 Grid Builder／Advanced Composition Grids 功能重複
gridgen	程序化網格，與已收錄的 Grid Builder／Reka Grid 重複
gridgen	蝔??雯?潘??歇?園???Grid Builder嚗eka Grid ??
gridguide-for-after-effects	??歇?園???Advanced Composition Grids 擃漲??嚗????蝬脫????
gridguide-for-after-effects	功能與已收錄的 Advanced Composition Grids 高度重疊，皆提供版面網格與參考線
gridtrend	網格版面，與已收錄的 Grid Builder／Reka Grid 重複
gridtrend	蝬脫?嚗?撌脫?? Grid Builder嚗eka Grid ??
grungeeffects	摰??? After Effects嚗??批捆銝駁???overlays 蝝???銝撩銋雲憭??函?撌亙?隤芣?嚗?蝝????閬??仿?
guides	??撱箇??恣???質?撌脫?? Advanced Composition Grids嚗rid Builder 擃漲??
guidesup	??歇?園???Guides嚗dvanced Composition Grids 擃漲??嚗?隞亙??????Ｙ雯?潛?詨?
guidesup	功能與已收錄的 Guides／Advanced Composition Grids 高度重疊，皆以參考線與版面網格為核心
gumroad-bwqfj	After Effects Project File，屬專案模板而非獨立工具
gumroad-corekitpro	CoreKit Pro 3 ?暺?朣???扎?閮剛?撠??渡?撌脩?Ｘ?撠撌亙???極雿?蝔?踵項??40 憭?撌亙?芸耦?雲憭?寧??詨??賢?
gumroad-coyrj	YouTube listicle 訂閱服務，非 After Effects 工具
gumroad-denjd	?芸?隡貊葬??獢????券歇??TextDuratifier?ins & Boxes ??Type 瘨菔?嚗??賢榆?唬?頞喃誑?血遣 FX TextFrame 璇
gumroad-dxdudn	官方頁確認為 Feed／Explore／Profile 用的三張 PNG 安全區疊圖素材，非工具
gumroad-easy-connect	?????惜?悌?准?蝺?頝臬?餈質馱?券歇??Connect Layers PRO ??NodeKit 瘨菔?嚗??耦???撠??
gumroad-ytarj	????PathPrep 撌脣? aescripts 摰?Ｗ????銝? Gumroad ?銝???寡痔?桅???撱箸?
gumroad-fjsatt	委託插畫的動畫頭像加購服務，交付成品 GIF，非可獨立安裝的 After Effects 工具
gumroad-foptw	VRChat avatar 商品，非 After Effects host
gumroad-fvdiso	Hyperpix 的 Photoshop Smart Object PSD 文字效果，非 After Effects 工具
gumroad-fyfmda	Hyperpix 的 Photoshop Smart Object PSD 文字效果，非 After Effects 工具
gumroad-hecezz	After Effects Project File，屬專案模板而非獨立工具
gumroad-jjewlv	Hyperpix 的 Photoshop Smart Object PSD 文字效果，非 After Effects 工具
gumroad-jmdze	Hyperpix 的 Photoshop Smart Object PSD 文字效果，非 After Effects 工具
gumroad-jvfrb	Apex Control Pro ??Wiggle??暺暺ounce ??Loop 銵券?撘?????選?雿???舀?極?瑕??項??撣貉??
gumroad-kcxxlg	官方商品頁未提供可核實的實際功能說明，不以名稱猜測收錄
gumroad-keyframebuddy	敹恍撅扎??亙虜?典惇?折??萄蔣?潸?靘?蝐日???券歇??Keyframe Manager 蝑???萄蔣?澆極?瑟項??
gumroad-qtp3	FX Search??獢?????暺極?瑕歇??Quick Menu 3?ommand Frame?X Console ??極雿?蝔?踵項??
gumroad-visualstates	????Visual States 撌脣? aescripts 摰?Ｗ????銝? Gumroad ??PRO 鞎拙??銴遣瑼?
booth-8040283	CleanLayer ?芣?靘甈∠宏?斗??詨惜??Expressions ??Effects嚗??Effect Remover Pro ????獢??極?瑕??賣摰
gumroad-kiegn	Jumpli 僅整合彈跳 expression、複製偏移與 Squircle 的低評價小面板，已由 RAFIKIT Toolbox、Array、RectControl 等功能更完整工具覆蓋
gumroad-lkzlzq	Hyperpix 的 Photoshop Smart Object PSD 文字效果，非 After Effects 工具
gumroad-motion-ui	Motion UI 撠?閮准楨??摮雯?潦耦????極?琿?????Ｘ嚗??詨??賢?撌脫??游??????殷??思????園?
gumroad-mzizz	Hyperpix 的 Photoshop Smart Object PSD 文字效果，非 After Effects 工具
gumroad-odxkav	Hyperpix 的 Photoshop Smart Object PSD 文字效果，非 After Effects 工具
gumroad-qhhgo	Hyperpix 的 Photoshop Smart Object PSD 文字效果，非 After Effects 工具
gumroad-rcrdom	Hyperpix 的 Photoshop Smart Object PSD 文字效果，非 After Effects 工具
gumroad-rumjlu	Hyperpix 的 Photoshop Smart Object PSD 文字效果，非 After Effects 工具
gumroad-scriptlauncher	?舀?撠?蒂?瑁? JSX嚗SXBIN ????輯??Ｘ? Tool Launcher 擃漲??嚗???舀?賭誘????閮剛??舀?閮剖?
gumroad-sgghxq	Hyperpix 的 Photoshop Smart Object PSD 文字效果，非 After Effects 工具
gumroad-shvjs	Hyperpix 的 Photoshop Smart Object PSD 文字效果，非 After Effects 工具
gumroad-shy-filters-after-effects-script	靘?Shy??撅日??摮?靽???撅祆抒祟?詨?撅斤??撌脩 Layer Displayer ?摰??Shy Bar 瘨菔?
gumroad-siuajq	WordFlow ??摮??????桀?嚗???摨??恬???DecomposeText?extExploder?ext Split and Animate 蝑???桅?摨阡???
gumroad-subtitleanimator	SubTitle Animator ??SRT ?臬??撟脣?撌脩 motionXpart?t_ImportSubtitles?aptioneer ???撟極?瑟項??
gumroad-messctrl	MessCtrl ??文隞文?????撠?撌亙???詨?撌脩 Quick Menu 3?ommand Frame?X Console 瘨菔?嚗????Ｙ汗銝雲隞仿?擃?銴?
gumroad-quickwiggle	Quick Wiggle ?芣雿蔭??頧葬?曇???摨血??亙??wiggle ??撘????銝歇?之??蝞??璈??怠極??
booth-7763648	Japanese_manuscript_paper ???銝?阮蝝蝺◢?潘?雿輻????嚗??舐 AE ?? Shape嚗rid 撌乩?瘚翰??撱?
payhip-after-toolkit	After Toolkit ?桀??芾蝣箄? Payhip ??擐??極?瑞?璁膩嚗撩撠蝛拙?撘?蝡???雲憭??賜敦蝭嚗銝遣蝡???
gumroad-sqlqfr	Hyperpix 的 Photoshop Smart Object PSD 文字效果，非 After Effects 工具
gumroad-swalmq	Hyperpix 的 Photoshop Smart Object PSD 文字效果，非 After Effects 工具
gumroad-tdmuwe	Hyperpix 的 Photoshop Smart Object PSD 文字效果，非 After Effects 工具
gumroad-ugdzzu	Ableton Pack 音效素材包，非 After Effects 工具
gumroad-ukyap	Hyperpix 的 Photoshop Smart Object PSD 文字效果，非 After Effects 工具
gumroad-vgnaa	Hyperpix 的 Photoshop Smart Object PSD 文字效果，非 After Effects 工具
gumroad-wxzlwd	Hyperpix 的 Photoshop Smart Object PSD 文字效果，非 After Effects 工具
gumroad-xttkp	Ableton Live 專用專案管理工具，非 After Effects host
gumroad-xyuzw	Hyperpix 的 Photoshop Smart Object PSD 文字效果，非 After Effects 工具
gumroad-yahpny	Hyperpix 的 Photoshop Smart Object PSD 文字效果，非 After Effects 工具
gumroad-zpgnht	Hyperpix 的 Photoshop Smart Object PSD 文字效果，非 After Effects 工具
halfline-for-illustrator	Illustrator 專用半色調／蝕刻工具，不支援 After Effects
halfline-for-illustrator	Illustrator 撠?隤選??撌亙嚗??舀 After Effects
halftone-for-davinci-resolve	DaVinci Resolve 專用 DCTL，不支援 After Effects
halftone-for-davinci-resolve	DaVinci Resolve 撠 DCTL嚗??舀 After Effects
han-motion-type	文字動畫預設包，非工具本身
hand-drawn-stuff	官方標示已停售，且屬手繪素材包
hand-drawn-stuff	摰璅內撌脣??殷?銝惇?鼓蝝???
handy-particles-pro	摰?Ｗ?????舀撖衣?撖阡??隤芣?嚗?閬?銝誑?迂?葫?園?
handy-particles-pro	官方產品頁未提供可核實的實際功能說明，依規範不以名稱猜測收錄
hawaikianalyzer	摰?Ｗ???蝷?This product is no longer available嚗??曇??舀?極??
hawaikiautograde	摰?Ｗ???蝷?This product is no longer available嚗??曇??舀?極??
hawaikiautomatch	摰?Ｗ???蝷?This product is no longer available嚗??曇??舀?極??
hawaikikeyer4	摰??蝷箏歇???啁? Hawaiki Keyer 5嚗?銵??祈??????
head-rig	官方標示已停售
head-rig	摰璅內撌脣???
hedcut-pro-for-davinci-resolve	DaVinci Resolve 撠 Hedcut嚗??餅???銝??After Effects
head-to-line	箭頭動畫，與已收錄的 Volna（內建箭頭）重複
head-to-line	蝞剝?嚗?撌脫?? Volna嚗撱箇悌?哨???
hedcut-pro-for-davinci-resolve	DaVinci Resolve 專用 Hedcut／雕刻效果，不支援 After Effects
hej-stylus	?? macOS ??撖怎??批撌亙嚗像?啗??券??潔噸??
helium	摰?Ｗ?????舀撖衣?撖阡??隤芣?嚗?閬?銝誑?迂?葫?園?
hej-stylus	僅限 macOS 的手寫筆控制工具，平台與用途過於侷限
helium	官方產品頁未提供可核實的實際功能說明，依規範不以名稱猜測收錄
hextractor	從圖層抽色票，與已收錄的 ColorFlow 重複
hextractor	敺?撅斗?脩巨嚗?撌脫?? ColorFlow ??
hidden-layer-cleanser	??歇?詨???CI Layer Stripper 擃漲??嚗?蝘駁?梯???典?撅?
hover	??歇?詨???CursorKit 擃漲??嚗?撱箇?皜豢?????????
hypernova-animated-typeface	?桐???摮?蝝?嚗??舫 AE 憭???砍極??
icon-library	隞?86000 憭?蝷箄? emoji ?箸敹?蝝?摨恬?靘?蝭??嗥?蝝?嚗?蝷箏澈
hidden-layer-cleanser	功能與已選定的 CI Layer Stripper 高度重疊，皆移除隱藏或無用圖層
hover	功能與已選定的 CursorKit 高度重疊，皆建立游標與點擊互動動畫
hypernova-animated-typeface	單一動態字型素材，不是通用 AE 外掛或腳本工具
i-ate-mushrooms	AI ????嚗?撌脫?? Diffusae ??
i-ate-mushrooms	AI 圖像生成，與已收錄的 Diffusae 重複
icon-library	以 86000 多個圖示與 emoji 為核心的素材庫，依規範不收純素材／圖示庫
icon-mason	Illustrator 專用 IconJar 工具，不支援 After Effects
icon-mason	Illustrator 撠 IconJar 撌亙嚗??舀 After Effects
icondock	以大量圖示搜尋與匯入為核心的素材庫，依規範不收圖示素材庫
icondock	隞亙之??蝷箸?撠??臬?箸敹?蝝?摨恬?靘?蝭??嗅?蝷箇??澈
iconic-style-pack-for-animation-composer	官方標示已停售，且屬 Animation Composer 樣式素材包
iconic-style-pack-for-animation-composer	摰璅內撌脣??殷?銝惇 Animation Composer 璅??蝝???
illustrator-shortcut-icons	Illustrator ??Stream Deck嚗ouch Portal ?內?身摰?蝝???
infocharts-creator	摰璅內撌脣??桐蒂??Infographics Toolkit ?誨
ignite-pro	FXhome 特效套裝包（190+ 效果合集）
ignition-post-package-exporter	Adobe Exchange ??Idonix ??隤芣???? 2018嚗???1.0.2 ??渲? AE 銝誨嚗惇 legacy嚗雁霅瑚?頞喟?撠?????
maya-live-link	Adobe Exchange ???v1.0.5 ?? AE 25.9嚗?026 雿輻??甈∪???AE 2026 銝摰對????賣?蝣箔?銝泵?隞???祆?湔?皞?
llm-assistant-premiere-after-effects	Adobe Exchange ??project-context LLM?avaScript expressions ???砍?蝑??踝????Motionist AI Assistant ??JSX?xpressions???怨? quick actions 擃漲??嚗?雲憭蝡??賣?雿??蝡???
motion-array-extension	?????箄??勗?蝝??芋?踴reset ??music library ??Adobe panel嚗egacy plugin pack 撌脤隡蒂?寧 Library Extension ?誨嚗惇蝝?嚗undle workflow ???函? AE 撌亙
illustrator-shortcut-icons	Illustrator 的 Stream Deck／Touch Portal 圖示與設定檔素材包
infocharts-creator	官方標示已停售並由 Infographics Toolkit 取代
infographics-toolkit	官方標示已停售
infographics-toolkit	摰璅內撌脣???
instant-assets-versioning-for-premiere-pro	Premiere Pro 撠蝝????撌亙嚗??舀 After Effects
inout	極小型進出場動畫工具，功能與既有動畫工具重疊
inout	璆萄??脣?游??怠極?瘀??????怠極?琿???
subtitle-pro	摮?鋆賭?嚗?撌脫?? Captioneer嚗utoCaption ??
instant-assets-versioning-for-premiere-pro	Premiere Pro 專用素材版本切換工具，不支援 After Effects
intellifolders	官方標示已停售
intellifolders	摰璅內撌脣???
introduction-to-after-effects-scripting-video-course	敶梁??飛隤脩?嚗???AE 憭???砍極??
isolate	摰璅內撌脣???
isolate-tools-for-cinema-4d	Cinema 4D 撠銝??寥??∪?詨祕隤芣?嚗??舀 After Effects
introduction-to-after-effects-scripting-video-course	影片教學課程，不是 AE 外掛或腳本工具
isolate	官方標示已停售
isolate-tools-for-cinema-4d	Cinema 4D 專用且官方頁無可核實說明，不支援 After Effects
jerryflow	緩動曲線預設，與已收錄的 Kease／Motion Tools Pro 重複
jerrysfx	音效素材庫，非工具本身
jet-by-clinch	?芣? Adobe Exchange marketplace listing ?舀撖佗??芣?啣??Clinch ???Ｗ?嚗?隞園?嚗??券?撠? DCO嚗TML5 撱??璅⊥ workflow嚗銝??
motionx	Adobe Exchange 閰???1.0嚗? 銝? 2025 撟渡瘜蝙?典??梧??詨?靘陷憭 .motionx templates嚗ackages嚗?鞈芾??函?撌亙?找?頞喉??思??園?
karton	????摨?嚗?撌脫?? Boundary Fill ??
karton	動態文字底框，與已收錄的 Boundary Fill 重複
kashida-pro	?踵?隡?瘜Ｘ/??賣???撌亙嚗?銝剜?雿輻???澆???
gradient-lab	瞍詨惜璅⊥????歇?園???proGradient / GradientHub ??
kashida-pro	阿拉伯/波斯/烏爾都文排版工具，對中文使用者過於小眾
key-visibility-for-cinema-4d	Cinema 4D 專用可見度動畫工具，不支援 After Effects
key-visibility-for-cinema-4d	Cinema 4D 撠?航?摨血??怠極?瘀?銝??After Effects
keyfast	官方說明僅稱日常工具集合，缺乏可核實的具體功能，暫不收錄
keyfast	摰隤芣??迂?亙虜撌亙??嚗撩銋?詨祕?擃??踝??思??園?
keyless-zoom	縮放工具，與已收錄的 ClickZoom Pro／SuperZoom 重複
keymix	官方標示已停售
keymix	摰璅內撌脣???
kiona-animated-typeface	?桐???摮?蝝?嚗??舫 AE 憭???砍極??
klutz-gpt	摰隞乓?銝??餈啣 AI 撖怨?砍??踝??釭??撖血?找?頞單?銝??
koji-color	撣?撌脖??痔?桐?閬??孵?????嚗????銝????蝥雁霅瑚?皞?
kurulumun	Cinema 4D 撠 Python spline 憭?嚗??舀 After Effects
kiona-animated-typeface	單一動態字型素材，不是通用 AE 外掛或腳本工具
klutz-gpt	官方以「最不可靠」描述其 AI 寫腳本功能，品質與事實可靠性不足故不收錄
koji-color	市集已不再販售且要求改向原廠取得，現有商品頁不是有效的持續維護來源
kurulumun	Cinema 4D 專用 Python spline 外掛，不支援 After Effects
kuwahara-dctl	DaVinci Resolve 專用 DCTL，不支援 After Effects
kuwahara-dctl	DaVinci Resolve 撠 DCTL嚗??舀 After Effects
labels	標籤顏色管理，與已收錄的 ColorFlow 重複
labels	璅惜憿蝞∠?嚗?撌脫?? ColorFlow ??
labels-ppro	官方標示已下架，且為 Premiere Pro 專用
labels-ppro	摰璅內撌脖??塚?銝 Premiere Pro 撠
laser-type	?桐???摮?蝝?嚗??舫 AE 憭???砍極??
latex2svg	摰?Ｗ?????舀撖衣?撖阡??隤芣?嚗?閬?銝誑?迂?葫?園?
laser-type	單一動態字型素材，不是通用 AE 外掛或腳本工具
latex2svg	官方產品頁未提供可核實的實際功能說明，依規範不以名稱猜測收錄
launchbox	?芰靘???Ebberts+Zucker ?芸振撌亙??launcher嚗??舐蝡??賢? AE 撌亙
launchbox	只用來啟動 Ebberts+Zucker 自家工具的 launcher，不是獨立功能型 AE 工具
layer-converter	官方標示已停售
layer-converter	摰璅內撌脣???
layer-force	Premiere Pro 撠?芸?頧??slideshow 撌亙嚗??舀 After Effects
layer-displayer	?詨?憿舐內嚗祟?詨??賢歇??Items and Tags 瘨菔?嚗????啣??桐?憿舐內撌亙
layer-displayer	核心顯示／篩選功能已由 Items and Tags 涵蓋，不重複新增單一顯示工具
layer-force	Premiere Pro 專用自動轉場與 slideshow 工具，不支援 After Effects
layer-groups	官方標示已停售
layer-groups	摰璅內撌脣???
layer-stage-for-cinema-4d	Cinema 4D 撠憭?剖?臬極?瘀?銝??After Effects
layer-library	官方相容性僅列到 CS6，且已收錄功能更完整、仍持續維護的 LayerStash
layer-scan	摰?Ｗ??? Works in ?? Final Cut Pro嚗???After Effects ?舀
layer-selector-toolbar	官方相容性僅列到 CC 2015，版本過舊且代表性不足
layer-selector-toolbar	摰?詨捆?批?? CC 2015嚗??祇???隞?”?找?頞?
malty-cuber	摰??蝣箸?蝷箏歇?銝???靘?
malty-simple-camera-rig	摰??蝣箸?蝷箏歇?嚗蒂撱箄降?寧?啁? HandyCam
layer-stage-for-cinema-4d	Cinema 4D 專用多鏡頭場景工具，不支援 After Effects
layer-storage	?芾??惜????歇?園???Items and Tags 擃漲??
layer-storage	自訂圖層分組功能與已收錄的 Items and Tags 高度重疊
layers2grid	??歇?園???Gridder 2 擃漲??嚗???湔憭雯?潸??????
layers2grid	功能與已收錄的 Gridder 2 高度重疊，後者支援更多網格與陣列排列
layout	?亦?Ⅱ摰?Ｗ?????aescripts 銝嚗?銝璆萄??極??
swatches	Good Boy Ninja ?箏?嚗oodboy.ninja/swatches嚗??脩巨蝞∠??歇?園???ColorFlow ??
layout	查無明確官方產品頁（非 aescripts 上架），且為極小型工具
lcdeffect	??渲?? AE CC嚗? LCD嚗RT 摮?蝝??歇?望?葉??TVPixel 瘨菔?
lcdeffect	僅支援至舊版 AE CC，且 LCD／CRT 子像素效果已由收錄中的 TVPixel 涵蓋
leemsanimationtools	官方標示已停售
leemsanimationtools	官方標示已停售且不再提供，最新版本停留在 2017 年
leemsanimationtools	摰璅內撌脣??桐?銝???嚗??啁??砍?? 2017 撟?
light-equalizer	摰??蝷箇 Premiere Pro 撠嚗? After Effects 撌亙
letterbox-plus	暺????冽???嚗?撌脫?? Safest Zone ???
letterbox-plus	黑邊與安全框參考線，與已收錄的 Safest Zone 功能重複
light-equalizer	官方頁標示為 Premiere Pro 專用，非 After Effects 工具
lightkit2	摰?Ｗ???蝷?This product is no longer available嚗??曇??舀?極??
particlemetrix	摰?Ｗ???蝷?This product is no longer available嚗??曇??舀?極??
volumetrix	摰?Ｗ???蝷?This product is no longer available嚗??曇??舀?極??
custom-title-path	摰?Ｗ??? Works in ?? Final Cut Pro嚗???After Effects ?舀
lightman	官方相容性僅列到 CC 2015.3，版本過舊且代表性不足
lightman	摰?詨捆?批?? CC 2015.3嚗??祇???隞?”?找?頞?
lightpath-transitions	Final Cut Pro X 撠頧????After Effects 撌亙
lightpath-transitions	Final Cut Pro X 專用轉場包，非 After Effects 工具
lightpath-transitions	Final Cut Pro X 專用轉場，不支援 After Effects
lightroom-shortcut-icons	Lightroom Classic 的 Stream Deck／Touch Portal 圖示與設定檔素材包
lightroom-shortcut-icons	已停售的 Lightroom Stream Deck／Touch Portal 圖示與設定檔素材包
lightroom-shortcut-icons	撌脣??桃? Lightroom Stream Deck嚗ouch Portal ?內?身摰?蝝???
lightspeed	摰?Ｗ??????舀 Final Cut Pro嚗? After Effects host
lightspeed	動畫字型與影片素材包，不是 After Effects 外掛或腳本工具
lightspeed	單一動態字型與附贈影片素材，不是通用 AE 工具
limber-lite	官方標示暫停供應，且完整版本 Limber 已收錄
limber-lite	官方標示目前不可用，並要求改用完整版 Limber
limber-lite	摰璅內?怠?靘?嚗?摰? Limber 撌脫??
line-connection-for-cinema-4d	Cinema 4D 撠憭?嚗? After Effects 撌亙
line-connection-for-cinema-4d	Cinema 4D 專用外掛，非 After Effects 工具
line-connection-for-cinema-4d	Cinema 4D 專用連線生成工具，不支援 After Effects
line-dash-animated-typeface	?摮?撠?蝝???銝 After Effects 憭???砍極??
layer-library	摰?詨捆?批?? CS6嚗?撌脫???賣摰????蝬剛風??LayerStash
line-dash-animated-typeface	動畫字型專案素材包，不是 After Effects 外掛或腳本工具
line-dash-animated-typeface	單一動態字型素材，不是通用 AE 外掛或腳本工具
linesculptor-for-cinema-4d	Cinema 4D 專用 spline 排列工具，不支援 After Effects
linesculptor-for-cinema-4d	Cinema 4D 專用物件沿樣條排列工具，非 After Effects 工具
linesculptor-for-cinema-4d	Cinema 4D 撠?拐辣瘝踵見璇??極?瘀???After Effects 撌亙
linkup-suite	Premiere Pro 專用網路媒體瀏覽與下載套件，不支援 After Effects
linkup-suite	Premiere Pro 專用網路素材瀏覽與下載套件，非 After Effects 工具
linkup-suite	Premiere Pro 撠蝬脰楝蝝??汗??頛?隞塚???After Effects 撌亙
lipsynctool	對嘴動畫，與已收錄的 SF Caddy 重複
lipsynctool	撠?嚗?撌脫?? SF Caddy ??
liquid-glass	一鍵液態玻璃，與已收錄的 MB Liquid Glass 重複
liquid-glass	銝?菜雯????歇?園???MB Liquid Glass ??
local-diffusion	?????歇?園???Diffusae ??嚗???Stable Diffusion ??嚗?
quick-matte	AI ?餉?嚗?撌脫?? Goodbye Greenscreen ??
local-diffusion	文生圖，與已收錄的 Diffusae 重複（同為 Stable Diffusion 生成）
locations	官方相容性僅列到 AE CC 2015，版本過舊且不適合目前版本
locations	摰?詨捆?批?? AE CC 2015嚗??祇???銝?????
lockdown-for-davinci-resolve	DaVinci Resolve 撠?嚗? After Effects 撌亙
lockdown-for-davinci-resolve	DaVinci Resolve 專用版本，非 After Effects 工具
lockdown-for-davinci-resolve	官方標示已停售，且為 DaVinci Resolve 專用
log-for-davinci-resolve	DaVinci Resolve 專用工具，非 After Effects 工具
log-for-davinci-resolve	DaVinci Resolve 撠撌亙嚗? After Effects 撌亙
log-for-davinci-resolve	DaVinci Resolve／Fusion 專用曲線編輯工具，不支援 After Effects
looper-pack	40 組循環動畫紋理素材，屬素材包而非工具
looper-pack	??2K 敺芰蝝?敶梁??NG 摨???AEP 蝯?????嚗??臬????單撌亙
looper-pack	由 2K 循環紋理影片、PNG 序列與 AEP 組成的素材包，不是外掛或腳本工具
looper-pack-2	40 組 4K 循環紋理素材，屬素材包而非工具
looper-pack-2	??4K 敺芰蝝?敶梁??NG 摨???AEP 蝯?????嚗??臬????單撌亙
looper-pack-2	由 4K 循環紋理影片、PNG 序列與 AEP 組成的素材包，不是外掛或腳本工具
looper-pro	Premiere Pro 專用循環動畫工具，非 After Effects 工具
looper-pro	Premiere Pro 撠敺芰?撌亙嚗? After Effects 撌亙
lottiefiles	?詨? Lottie ?臬?臬??閬賬摰寞扳炎?亥??寞活瘚?撌脩 Bodymovin嚗ottie ??LottiePacker 閬?
ltcprinter	??靘?macOS ?銝??寧摰寞批?? AE 2021嚗像?啗????之
ltcprinter	僅提供 macOS 版本且官方相容性停留在 AE 2021，平台與版本限制過大
lutlens	600+ LUT ?身???極?瑟頨?
the-parliament	霅唳?撣剜活?”嚗扔撠
lutlens	600+ LUT 預設包，非工具本身
magic-captions	摰?Ｗ???蝷箇 Final Cut Pro workflow extension嚗orks in ?? Final Cut Pro嚗???After Effects 撌亙
magiccaptions	FxFactory ????蝣箇迂??Final Cut Pro workflow extension嚗orks in ?? Final Cut Pro嚗? After Effects host
malcolm-in-the-center	官方標示已停售，且相容性僅列至 AE CC／CS 系列舊版
malcolm-in-the-center	摰璅內撌脣??殷?銝摰寞批?? AE CC嚗S 蝟餃???
malty-closer	??潮?????????嚗??賡??澆銝銝??寧??砍???拇? AE 銝誨
malty-closer	僅用於關閉開啟的合成分頁，功能過於單一且官方版本停留在早期 AE 世代
malty-cuber	官方頁明確標示已停售且不再提供
malty-simple-camera-rig	官方頁明確標示已停售，並建議改用新版 HandyCam
malty-snapshot	官方頁明確標示已停售且不再提供
malty-snapshot	摰??蝣箸?蝷箏歇?銝???靘?
loopmaster	銝?祇??萄蔣?潦??iggle??頧?頠?敺芰??歇?園???Loopy嚗oop Tools Pro 擃漲??
mantra-vr	Mettle 官方產品頁已 404（首頁仍有連結但頁面不存在）
mantra-vr	Mettle 摰?Ｗ??歇 404嚗??????雿??Ｖ?摮嚗?
ignite-pro	FXhome ?寞?憟???190+ ????嚗?
connect-layers-pro	?臬歇?園???Connect Layers ??嚗??虫??Ｗ?
marker-maestro-pro	?亦?Ⅱ摰?Ｗ?????aescripts 銝嚗?
skew-pro	Good Boy Ninja ?箏?嚗oodboy.ninja/skew-pro嚗??舫??敶望?歇?園???Keystone ??
marker-maestro-pro	查無明確官方產品頁（非 aescripts 上架）
markers-pro	Premiere Pro 專用標記管理工具，非 After Effects 工具
markers-pro	Premiere Pro 撠璅?蝞∠?撌亙嚗? After Effects 撌亙
mask-transformer	???寞?? Maskform 2 擃漲??嚗???啜摰嚗?函?蝮格?????蝘駁?批
mask-transformer	與同批收錄的 Maskform 2 高度重疊；後者更新、更完整，具獨立縮放、傾斜、烘焙與移除控制
maskstolayers	???桃蔗?啣?撅斤??撌脩頛銝?鋆?????Masks to Cropped Layers II 瘨菔?
maskstolayers	拆分遮罩到圖層的功能已由較新且會裁切邊界的 Masks to Cropped Layers II 涵蓋
massrename	?桀???Premiere Pro 撠?寞活??賢?撌亙嚗??嫣?璅內 After Effects ?撠?典
massrename	目前為 Premiere Pro 專用批次重新命名工具，官方仍標示 After Effects 版本尚未推出
match-position	?寥?雿蔭??3D 頧?2D 摨扳?嚗?撌脫?? 3D to 2D Screenspace ??
match-position	匹配位置與 3D 轉 2D 座標，與已收錄的 3D to 2D Screenspace 重複
matchrate	官方標示已停售且不再提供
matchrate	摰璅內撌脣??桐?銝???
matrix	?敺?唳 2013 撟湛?摰?詨捆?批? After Effects CS6嚗歇銝?????
matrix-swiper-photoshop-extension	???Photoshop嚗???After Effects 撌亙
matrix	最後更新於 2013 年，官方相容性只列至 After Effects CS6，已不適合目前版本
matrix-swiper-photoshop-extension	僅支援 Photoshop，不是 After Effects 工具
mechanicus-transitions-for-fcpx	???Final Cut Pro X嚗???After Effects 撌亙
mechanicus-transitions-for-fcpx	僅支援 Final Cut Pro X，不是 After Effects 工具
meshed	Animography ??摮?蝝?嚗??函? After Effects 憭???砍極??
mettle-flux	撌脖誑 Mettle FLUX ?園???third-party.jsonl嚗??銝?Ｗ???
meshed	Animography 動態字型素材，非獨立 After Effects 外掛或腳本工具
mettle-flux	已以 Mettle FLUX 收錄於 third-party.jsonl，避免同一產品重複
mettle-suite	套裝包，Mettle 個別工具已收錄
middle-measure	極小型測量／置中工具
mirror-and-offset	官方標示已停售，並建議改用 Smart Key Reverse
mirror-and-offset	摰璅內撌脣??殷?銝血遣霅唳??Smart Key Reverse
mix-color-layers	?敺?唳 2020 撟港?摰?詨捆?批?? AE 2020嚗隞???祆?港?頞?
mobchain-photoshop-plugin	???Photoshop嚗???After Effects 撌亙
mix-color-layers	最後更新於 2020 年且官方相容性僅列至 AE 2020，現代版本支援不足
mobar	官方頁標示已下架（no longer available）
mobchain-photoshop-plugin	僅支援 Photoshop，不是 After Effects 工具
mobglow-photoshop-plugin	???Photoshop嚗???After Effects 撌亙
mobglow-photoshop-plugin	僅支援 Photoshop，不是 After Effects 工具
mobknife-photoshop-plugin	???Photoshop嚗???After Effects 撌亙
mobknife-photoshop-plugin	僅支援 Photoshop，不是 After Effects 工具
mobo-super-suite	?憭?蝡???瑕憟?嚗??澈???隞?”?批極?瑁???憟?
mobo-super-suite	僅為多個既有獨立產品的銷售套裝，資料庫應收錄各代表性工具而非重複套裝
mocha-pro	已以 Boris FX Mocha Pro 收錄於 third-party.jsonl，避免同一產品重複
mocha-pro	撌脖誑 Boris FX Mocha Pro ?園???third-party.jsonl嚗??銝?Ｗ???
mochaimport-for-nuke	官方標示已停售，且主要用途是 Mocha 與 Nuke 之間的資料交換
mochaimport-for-nuke	摰璅內撌脣??殷?銝蜓閬? Mocha ??Nuke 銋????漱??
mocode	摰璅內撌脣??桐?銝????湔?耨鋆?
modeck-upfront	?? MoDeck ?????桅?隞獢??寞???函雁霅瑞?銝餉? MoDeck ?Ｗ???
monoline-text	?敺?唳 2018 撟港?摰?詨捆?批?? AE CC 2018嚗隞???祆?港?頞?
monotize	摰撌脣?甇Ｗ?冽?靘??撌脫??TYPE 撌亙
mocode	官方標示已停售且不再提供更新或修補
modeck-upfront	同一 MoDeck 服務的停售預付方案；改收錄仍在維護的主要 MoDeck 產品頁
mographae	cloner嚗ffector 撌亙???歇?園???React ??
mographae	cloner＋effector 工具包，與已收錄的 React 重複
monkeysauce	自動觸發音效，與已收錄的 SoundBox 重複
monoline-text	最後更新於 2018 年且官方相容性僅列至 AE CC 2018，現代版本支援不足
monotize	官方已停止單獨提供，功能已整合進 TYPE 工具
more-lively-text	查不到任何官方產品頁或說明
morganite	Animography 字型素材，非獨立 After Effects 外掛或腳本工具
motion-4	Mt. Mograph Motion 4 已由官方改版為已收錄的 Motion Studio
motion-4	Mt. Mograph Motion 4 撌脩摰?寧??箏歇?園???Motion Studio
motion-bro	摰?Ｗ??祇??舫?閮剖??典像?堆?銝餉?鞎拙頧?????單??身??撅祉??身嚗???蝭?
motion-manager	僅支援 Cinema 4D 的關鍵影格與曲線管理工具，不是 After Effects 工具
motion-path-pro	沿運動路徑動畫，與已收錄的 FlowPath 重複
motion-path-pro	瘝輸??楝敺??恬??歇?園???FlowPath ??
motion-presets-for-premiere-pro	???Premiere Pro嚗???After Effects 撌亙
motion-presets-for-premiere-pro	僅支援 Premiere Pro，不是 After Effects 工具
motion-reaction-2	查無明確官方產品頁（非 aescripts 上架）
motion-tweaks	Motion Design School ?箏?嚗?撌脫?? Motion Tools Pro ?????
motion-tweaks	Motion Design School 出品，與已收錄的 Motion Tools Pro 同廠功能重複
motioneer-lite	??箏??寞??Motioneer 摰??蝎曄陛摮?嚗??銴?
move-in-time	摰璅內撌脣??殷?銝摰寞批? AE 2020
motioneer-lite	功能為同批收錄 Motioneer 完整版的精簡子集，避免重複
move-in-time	官方標示已停售，且相容性只列至 AE 2020
move-to	?敺?唳 2022 撟港?摰?詨捆?批? AE 2022嚗隞???祆?港?頞?
movieprint	?函?敶梁??亥孛銵冽??函?撘??敺?唳 2020 撟湛?摰銝西郎????macOS嚗pple Silicon ?航?⊥???
move-to	最後更新於 2022 年且官方相容性只列至 AE 2022，現代版本支援不足
movieprint	獨立影片接觸表應用程式，最後更新於 2020 年，官方並警告近期 macOS／Apple Silicon 可能無法運作
moving-parents	?嗅???撠?穿?AE ?批遣??極?瑕?誨
moving-parents	父子關係小腳本，AE 內建與既有工具可取代
mtlb-make-the-logo-bigger	只會尋找名稱含 logo 的圖層並固定放大，功能過於單一，且相容性只列至 AE CC 2015
mubert-ai-generative-music	官方標示已停售且不再提供
mubert-ai-generative-music	摰璅內撌脣??桐?銝???
multi-parent-rigging	?敺?唳 2020 撟港??詨捆?批? AE 2020嚗隞???祆?港?頞?
multiple-artboard-generator-for-illustrator	???Illustrator嚗???After Effects 撌亙
multi-parent-rigging	最後更新於 2020 年且相容性只列至 AE 2020，現代版本支援不足
multi-replacer	?寞活??嚗?撌脫?? sWITCH嚗niversal Template AutoFill ??
multi-replacer	批次換圖，與已收錄的 sWITCH／Universal Template AutoFill 重複
multiple-artboard-generator-for-illustrator	僅支援 Illustrator，不是 After Effects 工具
mv-convert	僅用於把 32-bit 浮點運動向量轉成 RE:Vision 專用格式，工作流過於專門且極小眾
mvrk-for-after-effects	?敺?唳 2023 撟港?摰?詨捆?批? AE 2023嚗隞???祆?港?頞?
mvrk-for-cavalry	???Cavalry嚗???After Effects 撌亙
mvrk-for-after-effects	最後更新於 2023 年且官方相容性只列至 AE 2023，現代版本支援不足
mvrk-for-cavalry	僅支援 Cavalry，不是 After Effects 工具
mvrk-for-davinci-resolve	???DaVinci Resolve嚗???After Effects 撌亙
mvrk-for-davinci-resolve	僅支援 DaVinci Resolve，不是 After Effects 工具
nano-banana-generative-fill-for-photoshop	???Photoshop嚗???After Effects 撌亙
nano-banana-generative-fill-for-photoshop	僅支援 Photoshop，不是 After Effects 工具
neat-freak	?蝺耨??AEP XML 銝瘜儔???敺?唳 2018 撟氬摰寞批? AE 2020
neat-freak	會離線修改 AEP XML 且無法復原，最後更新於 2018 年、相容性只列至 AE 2020
nexa-bold	Animography ??摮?蝝?嚗??函? After Effects 憭???砍極??
nft	摰?⊥?璁艙??璅內 Coming Soon 銝??芸祕??靘??
morganite	Animography 摮?蝝?嚗??函? After Effects 憭???砍極??
motion-manager	???Cinema 4D ???萄蔣?潸??脩?蝞∠?撌亙嚗???After Effects 撌亙
nexa-bold	Animography 動態字型素材，非獨立 After Effects 外掛或腳本工具
nft	官方惡搞概念頁，標示 Coming Soon 且從未實際提供產品
ninebysixteen	官方標示已停售且不再提供
nn-curves	?亦?Ⅱ摰?Ｗ?????aescripts 銝嚗?銝璆萄??極??
comp-setting-tool	?亦?Ⅱ摰?Ｗ?????aescripts 銝嚗?銝璆萄??極??
expression-controller	?亦?Ⅱ摰?Ｗ?????aescripts 銝嚗?銝璆萄??極??
sennazoli-lines-to-paths	?亦?Ⅱ摰?Ｗ?????aescripts 銝嚗?銝璆萄??極??
rapid-slideshow-presentation-maker	撟餌??芋?輻??嚗?璅⊥?扯釭
nn-curves	查無明確官方產品頁（非 aescripts 上架），且為極小型工具
noodle	Good Boy Ninja ?活閬?蝝??典??恬??歇?園???Delay Motion Pro ??
noodle	Good Boy Ninja 的次要元素跟隨動畫，與已收錄的 Delay Motion Pro 重複
notecraft	???Premiere Pro嚗???After Effects 撌亙
notecraft	僅支援 Premiere Pro，不是 After Effects 工具
nx-3-strip	???DaVinci Resolve Studio嚗???After Effects 撌亙
nx-3-strip	僅支援 DaVinci Resolve Studio，不是 After Effects 工具
nx-artgrade	???DaVinci Resolve ??DCTL ??PowerGrade 撌亙蝯?銝 After Effects 撌亙
nx-artgrade	僅支援 DaVinci Resolve 的 DCTL 與 PowerGrade 工具組，不是 After Effects 工具
obj-sequence-exporter-for-cinema4d	官方產品索引標示已停售，且為 Cinema 4D 專用匯出器
obj-sequence-exporter-for-cinema4d	摰?Ｗ?蝝Ｗ?璅內撌脣??殷?銝 Cinema 4D 撠?臬??
color-wiggle	摰?Ｗ?蝝Ｗ?璅內撌脣???
stardust-superluminal	撌脫? Stardust嚗escripts.jsonl嚗?銝?銴憓??寧??
obj-vertex-export	?敺?唳 2015 撟港??詨捆?批? AE CC 2015嚗隞???祆?港?頞?
obsessive-layers	摰璅內撌脣??殷?銝血遣霅唳??Fresh Trim
obj-vertex-export	最後更新於 2015 年且相容性只列至 AE CC 2015，現代版本支援不足
obsessive-layers	官方標示已停售，並建議改用 Fresh Trim
okomito-next	Animography 字型素材，非獨立 After Effects 外掛或腳本工具
okomito-next	Animography 摮?蝝?嚗??函? After Effects 憭???砍極??
one-click-center	????詨?撅日暺?雿蔭蝘餉??銝剖?嚗??賡??澆銝銝??舀撌脤? Null ??撅?
mtlb-make-the-logo-bigger	?芣?撠?迂??logo ??撅支蒂?箏??曉之嚗??賡??澆銝嚗??詨捆?批? AE CC 2015
one-click-center	僅將所選圖層錨點與位置移至合成中心，功能過於單一且不支援已連接 Null 的圖層
one-click-export	???Premiere Pro嚗edia Encoder嚗???After Effects 撌亙
one-click-export	僅支援 Premiere Pro／Media Encoder，不是 After Effects 工具
oneclickexport-for-photoshop	Photoshop 專用
oneclickexport-for-photoshop	Photoshop 撠
organic-rig-pro	官方頁只有通用樣板文字，查不到實際功能說明
organic-rig-pro	摰??璅???嚗銝撖阡??隤芣?
origami-hexagons-pack-1	???園? Origami ??蝔桀閫雯?潮??摰對??蝡極??
outlined-style-pack-for-animation-composer	摰璅內撌脣??殷?銝 Animation Composer ?見撘???
origami-hexagons-pack-1	僅為同批收錄 Origami 的四種六角網格附加內容，非獨立工具
outlined-style-pack-for-animation-composer	官方標示已停售，且為 Animation Composer 的樣式素材包
overlap	官方標示已停售且不再提供
overlap	摰璅內撌脣??桐?銝???
overset-fixer-pro	???InDesign ?滯?箸?摮耨敺抬?銝 After Effects 撌亙
overset-fixer-pro	僅支援 InDesign 的溢出文字修復，不是 After Effects 工具
p9-scriptui-builder	官方標示已停售且不再提供
p9-scriptui-builder	摰璅內撌脣??桐?銝???
paint-and-stick	官方明確標示不支援 Apple Silicon，現代 macOS 相容性不足
paint-and-stick	摰?Ⅱ璅內銝??Apple Silicon嚗隞?macOS ?詨捆?找?頞?
paint-out	摰璅內撌脣??殷?銝血遣霅唳??Lockdown
paint-out	官方標示已停售，並建議改用 Lockdown
paper-pieces	摰?Ｗ??? Works in ?? Final Cut Pro嚗???質??飛銋?摰?Final Cut Pro
paragraph-on-a-path	已以官方分類頁 URL 收錄 Paragraph on a Path，僅為同產品的舊 sitemap 路徑
paragraph-on-a-path	撌脖誑摰????URL ?園? Paragraph on a Path嚗??箏??Ｗ??? sitemap 頝臬?
parallaxer	一鍵 3D 視差，與已收錄的 AnimateParallax 重複
parallaxer	銝??3D 閬榆嚗?撌脫?? AnimateParallax ??
parallel	???Premiere Pro ???Ⅳ?郊嚗???After Effects 撌亙
parallel	僅支援 Premiere Pro 的時間碼同步，不是 After Effects 工具
parallel-animated-typeface	?桐? Animography ??摮?蝝?嚗??舫 After Effects 撌亙
parallel-animated-typeface	單一 Animography 動態字型素材，不是通用 After Effects 工具
particle-illusion-pro	?函???摮?擃????祇?撌脫? BCC Particle Illusion
particle-illusion-pro	獨立版粒子軟體，效果本體已收錄為 BCC Particle Illusion
particle-pro	??西頃 Stardust ?雿輻嚗惇??Stardust ????閮?
monkeysauce	?芸?閫貊?單?嚗?撌脫?? SoundBox ??
particle-pro	需另購 Stardust 才能使用，屬於 Stardust 的附加預設
pastepath	極小型單一功能腳本（路徑複製貼上）
pastepath	璆萄??銝??單嚗楝敺?鋆質票銝?
path-duplicator	官方相容性僅列至 After Effects CC 2015，現代版本支援不足
path-duplicator	摰?詨捆?批?? After Effects CC 2015嚗隞???祆?港?頞?
permanent-markers-for-premiere-pro	???Premiere Pro嚗???After Effects 撌亙
path-selection-mode	極小型單一功能腳本（路徑點點選方式）
path-selection-mode	璆萄??銝??單嚗楝敺?暺?孵?嚗?
fractal-volume	?歇?園???Fractal Noise 3D ? 3D 蝣耦??嚗??賡?銴?
colume	?歇?園???Light Volume ????嚗?D ??皜脫?嚗????
pattoon	官方相容性僅列至 After Effects 2023，現代版本支援資訊不足
pattoon	摰?詨捆?批?? After Effects 2023嚗隞???祆?渲?閮?頞?
perfect-pitch	???Premiere Pro ?閮????擃?銝 After Effects 撌亙
pattr	FxFactory ??????After Effects 雿?蝷?This product is no longer available嚗惇?撌亙
payhip-1o8i3	AM Reverse Path ?芸?頧?? Mask嚗ezier Shape Path ?孵?嚗歇??ReverseMaskPath?enpal 2 蝑?楝敺極?瑟項??
booth-7923918	AudioGlide ????單??郊?圈????甈⊥?????孵??賣摰銝?游??貊? SyncAudio_To_Precomp ??
payhip-m8ayu	SaaS Panel Kit ??撅斤??踴?蝘颯?蝺????獢遣蝵殷????Liquid Glass 蝟餌絞???UI ?Ｘ撌亙??
payhip-pulse-x	Pulse X ?葉????鋆賬??遣蝡?Null嚗djustment嚗olid ????撣貉???嚗??暹?憭?撌乩?瘚??Ｘ擃漲??
payhip-tmqzs	One Click Liquid Glass ??撠?蝘颯???批撅文極雿?撌脩 MB Liquid Glass ???澈?批遣 Liquid Glass ?瘨菔?
payhip-tnvuy	Project Organizer ????憿撩瑼??冗???斗?券??株?璅惜蝯曹?嚗歇??OrganizerPro 蝑??游?獢?極?瑟項??
payhip-uo18o	Binzii_FastEase 靘?暸雿蔭隤踵?拙??萄蔣?潛?蝺拙?撜啣潘?雿??澈撌脫? Flow?ease?urveConductor 蝑摰?脩?撌亙
perfect-pitch	僅支援 Premiere Pro 的音訊變速保留音高，不是 After Effects 工具
permanent-markers-for-premiere-pro	僅支援 Premiere Pro，不是 After Effects 工具
pftrack-2d-data-importer	官方相容性僅列至 After Effects CC 2019，現代版本支援不足
pftrack-2d-data-importer	摰?詨捆?批?? After Effects CC 2019嚗隞???祆?港?頞?
pixel-cloud	摰璅內撌脣??桐?銝???
photoshop-pro-toolkit-for-stream-deck	Photoshop ??Stream Deck 撌亙??銝 After Effects 撌亙
photoshop-pro-toolkit-for-stream-deck	Photoshop 的 Stream Deck 工具包，不是 After Effects 工具
photoshop-shortcut-icons	Photoshop 快捷鍵圖示素材，不是 After Effects 工具
photoshop-shortcut-icons	Photoshop 敹急?萄?蝷箇???銝 After Effects 撌亙
pioneer	MIDI 旋律/和弦生成器，與 AE 影像製作無關
pixel-bender-accelerator	不支援 Apple Silicon，且官方相容性僅列至 After Effects 2020
pixel-bender-accelerator	銝??Apple Silicon嚗?摰?詨捆?批?? After Effects 2020
pixel-bender-accelerator-for-photoshop	Photoshop 專用版本，不是 After Effects 工具
pixel-bender-accelerator-for-photoshop	Photoshop 撠?嚗???After Effects 撌亙
pixel-cloud	官方標示已停售且不再提供
pixel-extender	沿遮罩延展圖層，與已收錄的 Extendo 重複
pixel-extender	瘝輸蝵拙辣撅?撅歹??歇?園???Extendo ??
pixel-sorter-4-for-photoshop	Photoshop 專用版本，不是 After Effects 工具
pixel-sorter-4-for-photoshop	Photoshop 撠?嚗???After Effects 撌亙
pixie	?函???AI ???渡??蝔?嚗???After Effects 憭????
plumepack	???Premiere Pro ??獢??渲?慦?鋆?撌亙嚗???After Effects 撌亙
pixie	獨立的 AI 圖片整理應用程式，不是 After Effects 外掛或腳本
plexus-obj-sequence-exporter-for-c4d	Cinema 4D 專用 Plexus OBJ 序列匯出器，不是 After Effects 工具
plexus-obj-sequence-exporter-for-c4d	Cinema 4D 撠 Plexus OBJ 摨??臬?剁?銝 After Effects 撌亙
plexus-render-only	? Plexus ??render-only ???賊?嚗??舐蝡???撌亙
plexus-render-only	僅為 Plexus 的 render-only 授權選項，不是獨立效果或工具
plug-n-telligence	官方仍標示 Coming Soon，尚無可用產品可供查證與收錄
plumepack	僅支援 Premiere Pro 的專案彙整與媒體裁切工具，不是 After Effects 工具
pointposition-c4d	Cinema 4D 專用位置通道外掛，不是 After Effects 工具
pointposition-c4d	Cinema 4D 撠雿蔭??憭?嚗???After Effects 撌亙
polka-dots-maker	極小型圓點圖案生成工具
polka-dots-maker	璆萄???暺?獢??極??
easy-clones	2D ??蝟餌絞嚗?撌脫?? React嚗Cloner Pro嚗Cloner ??
polydivider-for-cinema-4d	Cinema 4D 專用多邊形細分工具，不是 After Effects 工具
polydivider-for-cinema-4d	Cinema 4D 撠憭?敶Ｙ敦?極?瘀?銝 After Effects 撌亙
polyline	Motion Boutique 官方頁明列 After Effects，但標示 This product has been discontinued，屬停售工具
polyline	摰????蝷箏歇?銝???靘?湛?銝??曇??舀??撌亙
postproduction-master-for-photoshop	Photoshop 專用後製工具，不是 After Effects 工具
postproduction-master-for-photoshop	Photoshop 撠敺ˊ撌亙嚗???After Effects 撌亙
powersearch	Premiere Pro 專用專案與逐字稿搜尋工具，不是 After Effects 工具
powersearch	Premiere Pro 撠撠???蝔踵?撠極?瘀?銝 After Effects 撌亙
ppro-audio-batch-exporter	Premiere Pro 專用音訊批次匯出器，不是 After Effects 工具
ppro-audio-batch-exporter	Premiere Pro 撠?唾??寞活?臬?剁?銝 After Effects 撌亙
pq-art-parts	Premium Beat ?身閮???嚗??舫 After Effects 憭????
pq-fui-toys	Premium Beat ??FUI ?蝝???銝? After Effects 憭????
pq-grit-kit	Premium Beat ??蝎?????嚗??舫 After Effects 憭????
pq-mo-bits	Premium Beat ????敶Ｙ???嚗??舫 After Effects 憭????
pq-type-boi	Premium Beat ??摮??怎???嚗??舫 After Effects 憭????
plug-n-telligence	摰隞?蝷?Coming Soon嚗??∪?函?靘霅??園?
pq-art-parts	Premium Beat 的設計素材包，不是通用 After Effects 外掛或腳本
pq-fui-toys	Premium Beat 的 FUI 動畫素材包，不是通用 After Effects 外掛或腳本
pq-grit-kit	Premium Beat 的顆粒紋理素材包，不是通用 After Effects 外掛或腳本
pq-mo-bits	Premium Beat 的動態圖形素材包，不是通用 After Effects 外掛或腳本
pq-postperfect	Premium Beat ??鋆質?閬箇???嚗??舫 After Effects 憭????
premiere-pro-shortcut-icons	Premiere Pro 敹急?萄?蝷箇???銝 After Effects 撌亙
pq-postperfect	Premium Beat 的後製視覺素材包，不是通用 After Effects 外掛或腳本
pq-type-boi	Premium Beat 的文字動畫素材包，不是通用 After Effects 外掛或腳本
pre-compose-geek	產品已停止販售，且僅支援到 After Effects CC 2015
pre-compose-pro	?Ｗ?撌脣?甇Ｚ痔?殷?摰??蝷?No Longer Available
pre-compose-pro	產品已停止販售，官方頁標示 No Longer Available
premiere-pro-shortcut-icons	Premiere Pro 快捷鍵圖示素材，不是 After Effects 工具
primitives	?Ｗ?撌脣?甇Ｚ痔?殷?摰??蝷?No Longer Available
primitives	產品已停止販售，官方頁標示 No Longer Available
prism-and-hues-for-final-cut-pro-x	Final Cut Pro X 專用效果，不是 After Effects 工具
prism-and-hues-for-final-cut-pro-x	Final Cut Pro X 撠??嚗???After Effects 撌亙
progradient-plus-gradienthub-bundle	套裝包，兩個工具都已個別收錄
project-cleaner	?Ｗ?撌脣?甇Ｚ痔?殷??敺?啗??詨捆?????2013 撟湛?After Effects CC
project-cleaner	產品已停止販售，最後更新與相容版本停留在 2013 年／After Effects CC
project-item-labels	?撌脩?砍澈?園???Prism 2 瘨菔?嚗?????游?撅扎?獢??柴蝵拙?憭車?芸???閬?
project-item-labels	功能已由本庫收錄的 Prism 2 涵蓋；後者同時支援圖層、專案項目、遮罩及多種自動分類規則
project-sorter	專案素材自動分類，與已收錄的 Project Doctor／Root 重複
project-sorter	撠?蝝??芸???嚗?撌脫?? Project Doctor嚗oot ??
project-sync	?Ｗ?撌脣?甇Ｚ痔?殷??敺摰寧??砍?? After Effects CC 2014
project-sync	產品已停止販售，最後相容版本停留在 After Effects CC 2014
projection	?Ｗ?撌脣?甇Ｚ痔?殷?摰?Ⅱ撱箄降?寧?砍澈撌脫?? Projection 3D
projection	產品已停止販售，官方明確建議改用本庫已收錄的 Projection 3D
prota-typeface	?桐???摮?蝝?嚗??舫 After Effects 憭????
pre-compose-geek	?Ｗ?撌脣?甇Ｚ痔?殷?銝??舀??After Effects CC 2015
prota-typeface	單一動態字型素材，不是通用 After Effects 外掛或腳本
pt-autoexpress	URL alias嚗歇?望摨?pt_AutoExpress ????canonical ???格項??
pt-cropprecomps	URL alias嚗歇?望摨?pt_CropPrecomps ????canonical ???格項??
pt-effectsearch	URL alias嚗歇?望摨?pt_EffectSearch 3 ????canonical ???格項??
pt-importsubtitles	URL alias嚗歇?望摨?pt_ImportSubtitles ????canonical ???格項??
qp-proxyman	?Ｗ?撌脣?甇Ｚ痔?殷??敺摰寧??砍?? After Effects CC 2015
pt-autoexpress	URL alias；已由本庫 pt_AutoExpress 的官方 canonical 頁條目涵蓋
pt-cropprecomps	URL alias；已由本庫 pt_CropPrecomps 的官方 canonical 頁條目涵蓋
pt-effectsearch	URL alias；已由本庫 pt_EffectSearch 3 的官方 canonical 頁條目涵蓋
pt-importsubtitles	URL alias；已由本庫 pt_ImportSubtitles 的官方 canonical 頁條目涵蓋
pushr	Illustrator 與 Cinema 4D 專用橋接工具，相容清單不含 After Effects
pv-feather	RE:Vision Effects 官方 AE 產品索引明示已停售
qp-grade-assistant	??撅內鞎拙嚗?摰?詨捆皜?芸 After Effects CC 2015嚗撩銋隞???祆??
qp-nuclear-lut	摰?詨捆皜?芸 After Effects CC 2015嚗??批遣?脣蔗蝞∠?撌脣之撟??莎?銝??箇隞?誨銵典極??
queuemaster	?敺?唳 2020 撟湛?摰?詨捆皜?芸 After Effects CC 2019嚗?園?隞?渡隞???祉? QueueUp
qp-grade-assistant	雖仍展示販售，但官方相容清單只到 After Effects CC 2015，缺乏現代版本支援
qp-nuclear-lut	官方相容清單只到 After Effects CC 2015，且內建色彩管理已大幅演進，不列為現代代表工具
qp-proxyman	產品已停止販售，最後相容版本停留在 After Effects CC 2015
qualitycontrol	?Ｗ?撌脣?甇Ｚ痔?殷?摰??蝷?No Longer Available
qualitycontrol	產品已停止販售，官方頁標示 No Longer Available
queuemaster	最後更新於 2020 年，官方相容清單只到 After Effects CC 2019；改收錄仍支援現代版本的 QueueUp
quick-access	?敺摰寧??砍?? After Effects 2021嚗撩銋隞???祆??
quick-add	?敺摰寧??砍?? After Effects 2022嚗??頛蝷?銝??箇隞?誨銵典極??
quick-preview	?Ｗ?撌脣?甇Ｚ痔?殷?摰??蝷?No Longer Available
quick-access	最後相容版本停留在 After Effects 2021，缺乏現代版本支援
quick-add	最後相容版本停留在 After Effects 2022，且功能較基礎，不列為現代代表工具
quick-delete-and-reset	極小型批次刪除／重置小工具
quick-delete-and-reset	璆萄??甈∪?歹??蔭撠極??
freegradient	摰撌脫? proGradient嚗?撱?蝷箇 freeGradient ??ａ?鋆踝?嚗roGradient 撌脫??
keyless-zoom	蝮格撌亙嚗?撌脫?? ClickZoom Pro嚗uperZoom ??
quick-matte	AI 去背，與已收錄的 Goodbye Greenscreen 重複
quick-parent-pro	極小型父子級連結工具，AE 內建 pick whip 可取代
quick-parent-pro	璆萄??摮????撌亙嚗E ?批遣 pick whip ?臬?隞?
decomposetext	?????惜嚗?撌脫?? TextExploder ??
quick-preview	產品已停止販售，官方頁標示 No Longer Available
quick-tonemapper	官方相容清單只到 After Effects 2022，缺乏近年版本支援
quick-tonemapper	摰?詨捆皜?芸 After Effects 2022嚗撩銋?撟渡??祆??
pushr	Illustrator ??Cinema 4D 撠璈撌亙嚗摰寞??桐???After Effects
quiver	???Ｗ????Premiere Pro 2020+嚗??賣 timeline clip ?嚗?翰?瑕極?瘀?瘝? After Effects host 霅?嚗?撠?璅??仿?
radnika	?桐??摮?蝝?嚗??舫 After Effects 憭????
rainfx-photoshop-extension	Photoshop 撠 Extension嚗???After Effects 撌亙
radnika	單一動畫字型素材，不是通用 After Effects 外掛或腳本
railway	Good Boy Ninja ?箏?嚗oodboy.ninja/railway嚗?瘝輯楝敺??怨?撌脫?? FlowPath ??
railway	Good Boy Ninja 出品（goodboy.ninja/railway），沿路徑動畫與已收錄的 FlowPath 重複
rainfx-photoshop-extension	Photoshop 專用 Extension，不是 After Effects 工具
random-roller	極小型隨機排序工具
random-roller	璆萄??璈?摨極??
textyle-studio	????身嚗?撌脫?? TextFlex ??
random-wiggler	Premiere Pro 專用工具，相容清單不含 After Effects
random-wiggler	Premiere Pro 撠撌亙嚗摰寞??桐???After Effects
randomizer	?鋡急頛芣?????舀?曆誨 AE ??Randomatic 2 摰瘨菔?
randomizer	功能被本輪收錄且持續支援現代 AE 的 Randomatic 2 完整涵蓋
rapid-slideshow-presentation-maker	幻燈片模板生成器，偏模板性質
rasterfast	官方相容清單只到 After Effects 2020，缺乏現代版本支援
rasterfast	摰?詨捆皜?芸 After Effects 2020嚗撩銋隞???祆??
rasterize-for-davinci-resolve	DaVinci Resolve 撠撌亙嚗摰寞??桐???After Effects
rasterize-for-davinci-resolve	DaVinci Resolve 專用工具，相容清單不含 After Effects
rav-rive-animation-viewer	?函?獢 Rive 瑼Ｚ???舀??函?撘?銝 After Effects 憭????
rd-compsetter	?敺?唳 2014 撟湛?摰?詨捆皜?芸 After Effects CC嚗S6 蝑???
rd-kinda-sorta	?敺?唳 2013 撟湛?摰?詨捆皜?芸 After Effects CC 2014嚗S6 蝑???
rd-render-layers	?敺?唳 2014 撟湛?摰?詨捆皜?芸 After Effects CC嚗S6 蝑???
rd-scooter	?? redefinery ?單嚗??寧摰寞??格瘨菔??曆誨 After Effects
rav-rive-animation-viewer	獨立桌面 Rive 檢視與除錯應用程式，不是 After Effects 外掛或腳本
rd-compsetter	最後更新於 2014 年，官方相容清單只到 After Effects CC／CS6 等舊版
rd-kinda-sorta	最後更新於 2013 年，官方相容清單只到 After Effects CC 2014／CS6 等舊版
rd-render-layers	最後更新於 2014 年，官方相容清單只到 After Effects CC／CS6 等舊版
rd-scooter	舊版 redefinery 腳本，官方相容清單未涵蓋現代 After Effects
rd-slicer	?? redefinery ?單嚗??寧摰寞??格瘨菔??曆誨 After Effects
rd-slicer	舊版 redefinery 腳本，官方相容清單未涵蓋現代 After Effects
rd-studio-techniques	??葆??靘?祇???銝??蝬剛風?隞???
real-glow	?Ｗ?撌脣??ｇ?摰??摰?其??函雁霅瑞? Deep Glow
rd-studio-techniques	舊書附帶的範例腳本集合，不是持續維護的現代產品
real-glow	產品已停產，官方頁指定改用仍在維護的 Deep Glow
real-glow-render-only	已停產 Real Glow 的僅渲染授權附屬品，不是獨立工具
real-glow-render-only	撌脣???Real Glow ??皜脫????惇??銝?函?撌亙
realbook-for-cinema-4d	Cinema 4D 專用工具／素材，相容清單不含 After Effects
realbook-for-cinema-4d	Cinema 4D 撠撌亙嚗????詨捆皜銝 After Effects
realmagazine	Cinema 4D 專用的 3D 雜誌預設，相容清單不含 After Effects
realmagazine	Cinema 4D 撠??3D ???身嚗摰寞??桐???After Effects
recolor	專案顏色檢視替換，與已收錄的 ColorFlow 重複
recolor	撠?憿瑼Ｚ??踵?嚗?撌脫?? ColorFlow ??
recursive-scale-comp	?敺?唳 2013 撟湛?摰?詨捆皜?芸 After Effects CS6嚗S5 蝑???
rename-ninja	Photoshop 撠 UXP 憭?嚗???After Effects 撌亙
recursive-scale-comp	最後更新於 2013 年，官方相容清單只到 After Effects CS6／CS5 等舊版
reduce-footage-layers	?敺?唳 2020 撟湛?摰?詨捆皜?芸 After Effects 2020
reduce-footage-layers	最後更新於 2020 年，官方相容清單只到 After Effects 2020
relativity	圖層排列，與已收錄的 The Positioner／Keystone 重複
rename-and-change-toolkit-for-premiere	Premiere Pro 專用且已停產，官方指定由 Rename It 與 Change It 取代
rename-and-change-toolkit-for-premiere	Premiere Pro 撠銝歇?嚗??寞?摰 Rename It ??Change It ?誨
rename-it	Premiere Pro 專用批次命名與整理工具，相容清單不含 After Effects
rename-it	Premiere Pro 撠?寞活?賢???極?瘀??詨捆皜銝 After Effects
rename-ninja	Photoshop 專用 UXP 外掛，不是 After Effects 工具
render-templates	?Ｗ?撌脣??ｇ?摰?詨捆皜?芸 After Effects CC 2015
render-templates	產品已停產，官方相容清單只到 After Effects CC 2015
rendergarden	摰??璇隤芣?撌脫?蝷箏??殷?銝嚗??園? discontinued ?Ｗ?
renderhogs	?敺?唳 2021 撟湛?摰?詨捆皜?芸 After Effects 2020
renderhogs	最後更新於 2021 年，官方相容清單只到 After Effects 2020
rendersegments	Premiere Pro嚗edia Encoder 撠 Marker ?挾頛詨撌亙嚗摰寞??桐???After Effects
rendersegments	Premiere Pro／Media Encoder 專用 Marker 分段輸出工具，相容清單不含 After Effects
rendersounds	?敺?唳 2016 撟湛?摰?詨捆皜?芸 After Effects CC 2015嚗S6 蝑???
rigfast-web-browsers	?Ｗ?撌脫???Ｖ?銝?鞎拙嚗蒂閬? AE 2019 雿輻 Legacy ExtendScript ??撘???
rigomator	?敺?唳 2020 撟湛?摰?詨捆皜?芸 After Effects CC 2019
rendersounds	最後更新於 2016 年，官方相容清單只到 After Effects CC 2015／CS6 等舊版
renomi	已停止販售的 Cinema 4D 多通道序列管理工具，不是 After Effects 外掛
renomi	撌脣?甇Ｚ痔?桃? Cinema 4D 憭?摨?蝞∠?撌亙嚗???After Effects 憭?
rescue-matte-cleaner	?Ｗ?撌脣??Ｖ?銝?鞎拙嚗??寧摰寞??桀??After Effects 2021
rescue-matte-cleaner	產品已停產且不再販售，官方相容清單只到 After Effects 2021
rescue-matte-filler	?Ｗ?撌脣??Ｖ?銝?鞎拙嚗??寧摰寞??桀??After Effects 2021
rescue-matte-filler	產品已停產且不再販售，官方相容清單只到 After Effects 2021
retro-computer-effect-bundle	套裝包，個別工具已另行收錄
retro-computer-effect-bundle	憟????撌亙撌脣銵??
mettle-suite	憟???Mettle ?撌亙撌脫??
tracking-bundle	憟???
progradient-plus-gradienthub-bundle	憟????拙極?琿撌脣?園?
retrodots	Frischluft ?祥璆萄??曄雯暺??????極?琿???
hsl-selection	Frischluft ?祥撌亙嚗 Flair嚗enscare ?批遣?豢??寞??蝡?嚗??賡???
booth-8407950	VRChat嚗IDI ?賊?嚗? AE 撌亙
ripple-edit	?Ｗ?撌脣??Ｖ?銝?鞎拙嚗??寧摰寞??桀??After Effects 2022
roughcut	?怠?鞎拙銝???詨捆 Premiere Pro嚗蒂??After Effects 撌亙
rubberize-it	果凍／橡膠彈性物理，與已收錄的 Soft Flow 重複
santas-little-credit-helper	?敺?唳 2020 撟湛?摰?詨捆皜?芸 After Effects 2020
save-actions	?撌脩?????舀?曆誨 AE?靽??游??拐辣憿???Save Objects 2 摰?游?
save-comp-as-project	摰????蝷箏歇?嚗?摰撌脣遣霅唳??AEVIEWER Pro
scatter-stuff-photoshop-extension	?? Photoshop 雿輻????踝?銝 After Effects 撌亙
screen-equalizer	摰????蝷箏歇?嚗????曇??舀????撟甇?極??
shape-elements-pack-for-animation-composer	蝝耦?????銝蝡??歇?銝行蝝閮
script2sequence	???Premiere Pro嚗???After Effects 撌亙
selector-for-premiere-pro	?? Premiere Pro 雿輻嚗???After Effects 撌亙
sennazoli-lines-to-paths	查無明確官方產品頁（非 aescripts 上架），且為極小型工具
separate-rgb	撌脣 third-party.jsonl ?園? Rowbyte Separate RGB嚗?誑銝???蝬脣???撱箸?
separate-rgb-render-only	? Separate RGB ?隞蝞?蝭暺?甈?銝?函???
sequence-hub	???Premiere Pro嚗???After Effects 撌亙
sequence-inspector	Premiere Pro 專用（序列品管）
sequence-inspector	Premiere Pro 撠嚗???蝞∴?
sequence-ninja	Windows ?函?獢蝔?嚗???After Effects ?游?
set-matte-texture-pack-02	撌脰? Pack 01 ?蔥?園???Set Matte Texture Packs 01/02 variants
sfx-studio	???Premiere Pro嚗???After Effects 撌亙
shadowcast-for-davinci-resolve	?? DaVinci Resolve 雿輻嚗???After Effects 撌亙
shadows-substance	摰?Ｗ??? Works in ?? Final Cut Pro嚗???After Effects ?舀
shape-shifters	Adobe ?Ｘ?抒??撖萇?嚗????寞????急?鋆賭?撌乩?瘚???
shareio	?? Cinema 4D 雿輻嚗???After Effects 撌亙
shape-transitions-for-animation-composer	蝝??湧?閮剖?嚗??函???撌脣???
shape-up	摰????蝷箏歇?嚗????曇??舀???單
shapes-and-masks	摰????蝷箏歇?嚗????曇??舀???單
shhh	???Premiere Pro嚗???After Effects 撌亙
shift	?亦?Ⅱ摰?Ｗ????迂??嚗瘜Ⅱ隤???
shift	查無明確官方產品頁（名稱過泛，無法確認廠商）
shifter	依序錯開排列，與已收錄的 Keystone 重複
shifter	靘??舫???嚗?撌脫?? Keystone ??
shotify	???Premiere Pro嚗???After Effects 撌亙
shotlist-creator-for-davinci-resolve	?? DaVinci Resolve 雿輻嚗???After Effects 撌亙
shotnotes	Digital Anarchy 官方頁明示只支援 Premiere Pro 2023 以上
shotnotes	Digital Anarchy 摰??蝷箏?舀 Premiere Pro 2023 隞乩?
shotviz	摰????蝷箏歇?嚗????曇??舀??metadata 撌亙
silence-remover	???Premiere Pro嚗???After Effects 撌亙
silica-for-davinci-resolve	?? DaVinci Resolve 雿輻嚗???After Effects 撌亙
simple-mix-dctl	DaVinci Resolve ??DCTL 撌亙嚗???After Effects ??
skew-pro	Good Boy Ninja 出品（goodboy.ninja/skew-pro），錯開關鍵影格與已收錄的 Keystone 重複
skybox-360-post-fx	摰????蝷箏歇?嚗??賭漲撌脫??Adobe ?批遣撌亙
skybox-360-post-fx-2	撌脰?蝚砌?憟?雿菜? SkyBox 360 Post FX 1/2 variants
skybox-360-vr-tools-for-premiere-pro	?? Premiere Pro 雿輻嚗???After Effects 撌亙
skybox-360-vr-transitions-pack-1-for-premiere-pro	?? Premiere Pro 雿輻嚗???After Effects 撌亙
skybox-360-vr-transitions-pack-2-for-premiere-pro	?? Premiere Pro 雿輻嚗???After Effects 撌亙
skybox-studio-v2	摰?Ｗ???蝷箇 3 scripts + 4 plugins ??360嚗R workflow solution嚗惇憟辣???桐?撌亙嚗?銝?游?閬??仿?
slash-transitions	?? Final Cut Pro X 雿輻嚗???After Effects 撌亙
slice-it-up-cinema4d	?? Cinema 4D 雿輻嚗???After Effects 撌亙
slice-it-up-illustrator	?? Illustrator 雿輻嚗???After Effects 撌亙
slides-and-grids	網格與幻燈片，與已收錄的 SplitGrid／Grid Builder 重複
slides-and-grids	蝬脫?劂??嚗?撌脫?? SplitGrid嚗rid Builder ??
slim-expression-controls	摰????蝷箏?甇Ｚ痔?殷?摰撌脣遣霅唳??Pseudo Effect Maker
slip-sync	?? Premiere Pro 雿輻嚗???After Effects 撌亙
smart-adapt-annual	??smart-adapt ?箏?銝?Ｗ??僑蝜唾??梢?嚗歇?蔥?園?
smart-baker	摰????蝷箏?甇Ｚ痔?殷?銝摰寞批?唳??AE ?
smart-collect-for-premiere-pro	?? Premiere Pro 雿輻嚗???After Effects 撌亙
smart-marker	標記工具，與已收錄的 TimeMarker 重複
smart-mediacomp-automator	?寞活憛怠?擃??歇?園???Universal Template AutoFill ??
smart-mediacomp-automator	批次填媒體，與已收錄的 Universal Template AutoFill 重複
smartcollect-for-nuke	?? Nuke嚗ukeX 雿輻嚗???After Effects 撌亙
smartcommand-for-nuke	?? Nuke嚗ukeX 雿輻嚗???After Effects 撌亙
smartelements-for-nuke	?? Nuke嚗ukeX 雿輻嚗???After Effects 撌亙
smartlib	Nuke 撠??獢??⊿蝞∠?蝟餌絞嚗???After Effects 撌亙
smartlink-for-nuke	?? Nuke嚗ukeX 雿輻嚗???After Effects 撌亙
smartlog-for-nuke	?? Nuke嚗ukeX 雿輻嚗???After Effects 撌亙
smartlook-for-nuke	?? Nuke嚗ukeX 雿輻嚗???After Effects 撌亙
smartmedia	??函???雿誑 Nuke ?箄?瑼???摰?詨捆?批???Nuke嚗ukeX
smartmessage	?? Nuke嚗ukeX ??Maya 雿輻嚗???After Effects 撌亙
smartrecents	Nuke 撠????祇?嚗???After Effects 撌亙
smartrender-for-nuke	?? Nuke嚗ukeX 雿輻嚗???After Effects 撌亙
smartrescue-for-nuke	?? Nuke嚗ukeX 雿輻嚗???After Effects 撌亙
smartscripter-for-nuke	?? Nuke嚗ukeX 雿輻嚗???After Effects 撌亙
smartshelves	Nuke 撠??暺? Gizmo 撌亙?嗥恣?嚗???After Effects 撌亙
snapframe	?桀撐摮?嚗?撌脫?? Batch Shot ??
snapframe	單張存幀，與已收錄的 Batch Shot 重複
social-beam	摰????蝷箏?甇Ｚ痔?殷?銝撣?蝔歇銝?渡銵?Stories嚗eels
social-exporter-premiere-pro	?? Premiere Pro 雿輻嚗E ?撌脣隞?social-exporter ?園?
spectra-collection-one	??spectra ?箏?蝟餃?蝝?嚗歇?蔥??Spectra / Spectra Collection One 璇銝虫誑 variants ???
spiderweb-c4d	?? Cinema 4D 雿輻嚗???After Effects 撌亙
spectrum	查無明確官方產品頁（非 aescripts 上架）
sphere-utilities	摰?Ｗ????箏??怠????Ｗ極?瑞? package嚗??撌亙?迂???賡??⊥???嚗?銝?游?閬??仿?
spill-slayer	摰????蝷箏?甇Ｚ痔?殷?銝??園??∠銵?渡????餅滯?脣極??
squall	摰????蝷箏?甇Ｚ痔?殷?銝??園??∠銵?渡???蝔?蝣潸撓?箏極??
yuvsoft-geometry-corrector	摰????蝷箏歇?嚗??芣??Windows 7嚗E CC 2014 ?誨?啣?
spotifyctrl	??AE ?扳??Spotify嚗?敶勗?鋆賭??⊿?
spotifyctrl	在 AE 內控制 Spotify，與影像製作無關
spraydelic-photoshop-plugin	?? Photoshop 雿輻嚗???After Effects 撌亙
spring-ease	??批?頝喳??恬??歇?園???OverAct ??
spring-ease	慣性彈跳動畫，與已收錄的 OverAct 重複
squash-and-stretch-pro	??squash-and-stretch ?箏??Ｗ???Pro ?嚗歇?蔥??Squash & Stretch Free / Pro V2 璇銝虫誑 variants ???
stack-the-bend-c4d	?? Cinema 4D 雿輻嚗???After Effects 撌亙
stardust-superluminal	已收錄為 Stardust（aescripts.jsonl），不重複新增官方站版本
still-exporter	?? Premiere Pro 雿輻嚗???After Effects 撌亙
stock-search-pro	線上素材搜尋，與已收錄的 Mt. Mograph Wander 重複
stock-search-pro	蝺?蝝???嚗?撌脫?? Mt. Mograph Wander ??
stone-dctl	?? DaVinci Resolve Studio 雿輻??DCTL嚗???After Effects 撌亙
stop-motion-convert	?? Premiere Pro 雿輻嚗???After Effects 撌亙
storyboard-maker-premiere	?? Premiere Pro 雿輻嚗E ?撌脣隞?storyboard-maker ?園?
stratify	?惜?舫???嚗?撌脫?? Keystone ??
stratify	圖層錯開排列，與已收錄的 Keystone 重複
stretchmatic-photoshop-extension	?? Photoshop 雿輻嚗???After Effects 撌亙
strokestyler	摰?Ｗ??歇銝????舀撠???像?唳???批捆嚗銝??
styler-durden-dctl	?? DaVinci Resolve Studio 雿輻??DCTL嚗???After Effects 撌亙
stylarender	摰??璇隤芣?撌脫?蝷箏??殷?銝嚗??園? discontinued ?Ｗ?
submachine	摮??Ｙ????典??賢?靘?Premiere Pro 雿輻嚗fter Effects ?芰?潔耨?寥??MOGRT嚗??臬?瑁?撟喳
subtext	Premiere Pro 專用（字幕編輯）
subtext	Premiere Pro 撠嚗?撟楊頛荔?
subtitle-pro	字幕製作，與已收錄的 Captioneer／AutoCaption 重複
sunny-day	摰??璇隤芣?撌脫?蝷箏??殷?銝嚗??園? discontinued ?Ｗ?
supawipe	FxFactory ??????After Effects 雿?蝷?This product is no longer available嚗惇?撌亙
super-sweeper	專案整理，與已收錄的 Root／Project Doctor 重複
super-sweeper	撠??渡?嚗?撌脫?? Root嚗roject Doctor ??
surgeon-dctl	?? DaVinci Resolve 雿輻??DCTL 蝷箸郭?典??極?瘀?銝 After Effects 撌亙
svg2ae	SVG ?臬嚗?撌脫?? ToothPaste ??
svg2ae	SVG 匯入，與已收錄的 ToothPaste 重複
svg2premiere	?? Premiere Pro 雿輻嚗???After Effects 撌亙
swappy	極小型工具（交換填色與描邊）
swappy	璆萄??極?瘀?鈭斗?憛怨????
swatches	Good Boy Ninja 出品（goodboy.ninja/swatches），色票管理與已收錄的 ColorFlow 重複
swift-slides	?? Premiere Pro 雿輻嚗???After Effects 撌亙
swiss-knife	官方說明只寫「20 個工具的組合」，查不到具體功能
swiss-knife	摰隤芣??芸神??0 ?極?瑞?蝯????乩??啣擃???
relativity	?惜??嚗?撌脫?? The Positioner嚗eystone ??
switch-camera-by-markers-c4d	?? Cinema 4D 雿輻嚗???After Effects 撌亙
syncsketch-after-effects	SyncSketch ???芣撖阡蝡?frame-accurate review?酉閮?D model collaboration?PI ??webhooks嚗?????After Effects plugin?EP嚗XP panel ??AE host嚗?鋆???
excalibur	???Ｗ????Premiere Pro 2020+嚗???effects嚗resets嚗ransitions workflow extension嚗?瘝? After Effects host 霅?嚗?撠?璅??仿?
system-monitor-pro-for-cinema-4d	?? Cinema 4D 雿輻嚗E ?撌脣隞?system-monitor-pro-for-after-effects ?園?
takematpass	?? Cinema 4D 雿輻嚗???After Effects 撌亙
target-4d	?? Cinema 4D 雿輻嚗???After Effects 撌亙
tca-redshift-bg-and-floor	?? Cinema 4D嚗edshift 雿輻嚗???After Effects 撌亙
templater-bot	??templater ?箏??Ｗ?摰嗆???Bot ?嚗歇?蔥??Templater Rig / Pro / Bot 璇銝虫誑 variants ???
templater-bot-annual	Templater Bot 撟渡像???瑕???撌脣?雿菔 Templater Rig / Pro / Bot 璇
templater-bot-upfront	Templater Bot upfront ???瑕???撌脣?雿菔 Templater Rig / Pro / Bot 璇
templater-pro	??templater ?箏??Ｗ?摰嗆???Pro ?嚗歇?蔥??Templater Rig / Pro / Bot 璇銝虫誑 variants ???
templater-pro-annual	Templater Pro 撟渡像???瑕???撌脣?雿菔 Templater Rig / Pro / Bot 璇
templater-pro-upfront	Templater Pro upfront ???瑕???撌脣?雿菔 Templater Rig / Pro / Bot 璇
terrain-builder-cinema	?? Cinema 4D 雿輻嚗???After Effects 撌亙
text-background-pro	Photoshop 撠嚗???After Effects 撌亙
text-presets-for-premiere-pro	?? Premiere Pro 雿輻嚗???After Effects 撌亙
text-replacer-for-premiere-pro	? Premiere Pro ????AE 撱箇???MOGRT嚗???After Effects 撌亙
text-scatter	????嚗?撌脫?? TextExploder ??
text-scatter	文字拆字，與已收錄的 TextExploder 重複
textreverser	摰?Ｗ?蝬脣??桀??芸??喟???甈橘?瘝??舀撠???????詨捆鞈?嚗銝??
textyle-premiere	?? Premiere Pro 雿輻嚗???After Effects 撌亙
textyle-studio	文字動畫預設，與已收錄的 TextFlex 重複
the-parliament	議會席次圖表，極小眾
the-power-of-expression	After Effects 銵券?撘?摮豢嚗摮嚗??舐?????單撌亙
thesaucecode	ASCII 效果與已收錄的 RXXR 重複，且需匯出 PNG 序列非即時外掛
tickler	摰??璇隤芣?撌脫?蝷箏??殷?銝嚗??園? discontinued ?Ｗ?
tidyup	摰??璇隤芣?撌脫?蝷箏??殷?銝嚗??園? discontinued ?Ｗ?
tiles-for-davinci-resolve	?? DaVinci Resolve Studio 雿輻嚗???After Effects 撌亙
timespan	摰??璇隤芣?撌脫?蝷箏??殷?銝嚗??園? discontinued ?Ｗ?
tiny-tools	摰??璇隤芣?撌脫?蝷箏??殷?銝嚗??園? discontinued ?Ｗ?
todo-lite	摰??璇隤芣?撌脫?蝷箏??殷?銝嚗??園? discontinued ?Ｗ?
toonit	?桀?摰?????Page not found嚗???詨祕?銵???質? After Effects ?舀
toy-bricks	摰??璇隤芣?撌脫?蝷箏??殷?銝嚗??園? discontinued ?Ｗ?
tp-partio	?? Cinema 4D R13?15 雿輻??Thinking Particles 敹怠?憭?嚗?撌脣??殷?銝 After Effects ?Ｗ?
track-to-new-null	極小型工具，功能可被 AE 內建與已收錄工具取代
track-to-new-null	璆萄??極?瘀???航◤ AE ?批遣?歇?園?撌亙?誨
tracker-master	摰???虫??Ｗ?銵??宏?歹???芸 Tracks Tools?ideo Clone?orner Clone 蝑?摮豢?憿??∟雲憭??質牧??舫?撱箸?
tracking-bundle	套裝包
transcript-converter	Premiere Pro 專用（逐字稿橋接）
transcript-converter	Premiere Pro 撠嚗?蝔踵??伐?
transcriptive	撌脣??桃? Premiere Pro 撠??蝔輻??芷?選?銝??After Effects
transcriptive-powersearch	Digital Anarchy 官方商店明示為 Premiere Pro only，不支援 After Effects
transcriptive-powersearch	Digital Anarchy 摰???內??Premiere Pro only嚗??舀 After Effects
transfusion	摰??璇隤芣?撌脫?蝷箏??殷?銝嚗??園? discontinued ?Ｗ?
transition-master-basic	?歇?園???Transition Master 2 Basic / Pro ?箏?銝?Ｗ???鞎餃??函??穿??蔥??variants ?踹?????蝯?
transition-placer	?? Premiere Pro 2024??026 雿輻嚗???After Effects 撌亙
transitionbuilder	摰?Ｗ??????舀 Final Cut Pro嚗? After Effects host
transitions-for-premiere-composer	Premiere Composer 撠頧蝝???銝 After Effects 撌亙
transmitter-for-premiere-pro	?? Premiere Pro 雿輻嚗???After Effects 撌亙
trapcode-mir	撌脩 red-giant.jsonl ??Mir 璇?園?嚗?????桀? Maxon 摰?Ｗ???銝?銴??亥? aescripts ??????
true-exif	?? Premiere Pro 雿輻???葉蝜潸???選?銝 After Effects 撌亙
tv-distortion-bundle	套裝包
tv-distortion-bundle	套裝包入口；其中五個 AE 外掛已分別收錄，不另建 bundle 條目
tv-distortion-bundle	憟???
goodboy-ninja-colors	Good Boy Ninja ?蟡典極?瘀??歇?園???ColorFlow ??
tvpixel	撌脩 third-party.jsonl ??Rowbyte TVPixel 璇?園?銝阡?摰撱???銝?銴???aescripts ??????
tvpixel-render-only	??Ｘ? TVPixel ????暺?甈?銝?虫??????撌脩 third-party.jsonl ??TVPixel 璇瘨菔?
type-anarchy	摰?Ｗ??歇銝?伐??⊥?撽??桀????AE ?詨捆??
colorlibrary	摰??璇隤芣?撌脫?蝷箏??殷?銝嚗??園? discontinued ?Ｗ?
typetoon	64 組文字標題預設包，非工具本身
typetoon	64 蝯?摮?憿?閮剖?嚗?撌亙?祈澈
ultimate-titles	摰?詨捆?批???Premiere Pro 2020??021嚗惇 Premiere 璅??Ｙ??剁?銝 After Effects 撌亙
ultimate-toolkit-for-premiere-pro	摰?Ｗ??迂?摰寞批??? Premiere Pro嚗蒂??After Effects 撌亙
umami	?? Cinema 4D R12?23 雿輻?璈??豢見璇?嚗???After Effects 撌亙
uniform-resizer-c4d	?? Cinema 4D R16?21 雿輻?移蝣箇?瘥?蝮格撌亙嚗???After Effects 撌亙
uniport	?? Photoshop CC 2018??023 雿輻????交??隞塚?銝??After Effects
unmult	鞈?摨怠歇??universe.jsonl ?園??? Unmult 暺?頧?Alpha ??嚗?誑 aescripts ????銴遣瑼?
unwarp-for-photoshop	摰????蝔勗??? Photoshop嚗蒂??After Effects 撌亙
unreality	摰??桀??＊蝷?Coming Soon ??敹萄恐?喉?撠?舀撖衣?????祆??澆?鞈?
utility-buddy	?曉?????撘???嚗?撌脫?? Project Font Pro嚗rankenstein Finder ??
utility-buddy	找字型／運算式／效果，與已收錄的 Project Font Pro／Frankenstein Finder 重複
uv-colorizer	摰?詨捆?批???Cinema 4D嚗撱箇? UV islands Color ID ??C4D Python ?單
vanish-bg	摰?詨捆?批???Premiere Pro CC 2022+嚗蒂??After Effects 撌亙
variable-diffusion	摰??璇隤芣?撌脫?蝷箏??殷?銝嚗??園? discontinued ?Ｗ?
variations	?寞活????霈?嚗?撌脫?? COMP-O-RAMA ??
variations	批次生成合成變體，與已收錄的 COMP-O-RAMA 重複
varitext-for-cinema-4d	摰?詨捆?批???Cinema 4D嚗?航?摮?璅?????剁?銝阡? After Effects 撌亙
versa	Premiere Pro 專用（素材版本替換）
versa	Premiere Pro 撠嚗????祆??
verticaleditingtools	摰?Ｗ??????舀 Final Cut Pro嚗? After Effects host
vhscam	復古錄影帶效果，與已收錄的 CRTX／TimeMachine／Interlaced Glitch 重複
vhscam	敺拙?蔣撣嗆????歇?園???CRTX嚗imeMachine嚗nterlaced Glitch ??
vizual-pixelperfect	官方頁描述以 Premiere Pro 的像素圖放大為主，AE 端功能不明確
vizual-pixelperfect	摰??餈唬誑 Premiere Pro ??蝝??曉之?箔蜓嚗E 蝡臬??賭??Ⅱ
volumetric-transitions	摰?Ｗ??? Works in ?? Final Cut Pro嚗???質??飛銋?摰?Final Cut Pro
voxel-sorter-pro	?歇?園???Voxel Sorter ?頂???嗅?祉??喳
voxel-sorter-pro	與已收錄的 Voxel Sorter 同系列，收基本版即可
voxferry	摰?Ｗ?摰???ElevenLabs in Premiere嚗?靘?Premiere Pro ??AI ?嚗??脫?蝔?銝阡? After Effects 撌亙
vybe	波形程序化動畫，與已收錄的 XOscillator Pro 重複
vybe	瘜Ｗ耦蝔????恬??歇?園???XOscillator Pro ??
waveloq-photoshop-plugin	摰?詨捆?批???Photoshop 2023??026嚗 Photoshop UXP CRT嚗ircuit Bent ????憭?
wiggle-pro	Good Boy Ninja ?箏?嚗oodboy.ninja嚗??芸???wiggle ??AE ?批遣?歇?園???Loop This! Wiggle ??
wiggle-pro	Good Boy Ninja 出品（goodboy.ninja），自動化 wiggle 與 AE 內建及已收錄的 Loop This! Wiggle 重複
wq-pro	摰??璇隤芣?撌脫?蝷箏??殷?銝嚗??園? discontinued ?Ｗ?
wrap-it-for-ofx	? Resolve?utodesk Flame 蝑?OFX 摰蹂蜓?嚗蒂??After Effects ?嚗E ??蝡??
yuvsoft-color-corrector	摰??璇隤芣?撌脫?蝷箏??殷?銝嚗??園? discontinued ?Ｗ?
yuvsoft-depth-from-stereo-lite	摰??璇隤芣?撌脫?蝷箏??殷?銝嚗??園? discontinued ?Ｗ?
yuvsoft-parallax-corrector-lite	摰????蝷箏歇?嚗??芣??Windows 7嚗E CC 2014 ?誨?啣?
yuvsoft-stereo-processing-suite-lite	撌脣??桃?憟???銝?舀 Windows 7嚗E CC 2014 ?誨?啣?
z-tool	中文免費工具箱，查無穩定的官方產品頁
kote-beta-kozo	Gumroad 商品頁（kozo2050/bcvbdy）僅有標題「KOTE BETA」，無任何功能說明、支援軟體或版本資訊，無法核實
newblue-totalfx	NewBlueFX 套裝包（177 個外掛與 1500 組預設），旗艦產品 Titler Pro 7 已個別收錄，其餘 Elements／Stylizers／Essentials／Transitions／Filters collections 屬套裝內容應個別評估
newblue-titler-pro-3	NewBlueFX Titler Pro 舊版（v3 AE Edition），已被現行 Titler Pro 7 取代，收錄現行版本即可
z-tool	銝剜??祥撌亙蝞梧??亦蝛拙????寧??
zaxwerks-3d-invigorator	官方首頁公告已停止開發與技術支援，3D Invigorator 系列已停售
coremelt	官方產品線全為 Final Cut Pro／LumaFusion 插件，未支援 After Effects
digital-film-tools	官方網域已 301 導向 borisfx.com，品牌併入 Boris FX，未見獨立現行產品頁可核實
booth-8515454	lilToon VRChat 材質預設，非 After Effects 工具
booth-7550035	歌詞 MV 風格 AEP 專案檔素材，非可獨立安裝的腳本或外掛
booth-3124150	Live2D VTuber 模型素材，非 After Effects 工具
booth-1847370	Element 3D 入門教學電子書，非工具本體
booth-8563125	Mery 文字編輯器搜尋列外掛，非 After Effects
booth-6356911	VRChat 3D 角色模型素材，非 After Effects 工具
booth-2674957	AEP 作品專案檔（需另購 Trapcode／Magic Bullet 等外掛），非獨立工具
booth-8554468	Mery 文字編輯器半透明外掛，非 After Effects
booth-2857599	AEP 作品專案檔素材，非獨立工具
booth-7674116	VRChat 武器 3D 模型素材，非 After Effects 工具
booth-2645319	AEP 動態圖形作品專案檔，非獨立工具
booth-7639226	VRChat 武器 3D 模型素材，非 After Effects 工具
booth-8066433	OBS 自動殘響切換外掛，非 After Effects
booth-8555639	VRChat 武器配件 3D 模型素材，非 After Effects 工具
booth-7880724	VRChat 武器 3D 模型素材，非 After Effects 工具
booth-7752633	VRChat 訓練用模擬銃 3D 模型素材，非 After Effects 工具
booth-8030373	Obsidian 筆記軟體外掛的內容擴充包，非 After Effects
booth-7568935	VRChat 武器配件 3D 模型素材，非 After Effects 工具
booth-6990344	Waldorf Blofeld 合成器音色預設，非 After Effects 工具
booth-7533469	循環背景影片素材＋AE 專案檔，非可獨立安裝的腳本或外掛
booth-8704073	Voxel Depth Lab：以深度資訊把影像重建成體素方塊場，功能與既有 aescripts Voxel Buddy Pro、Voxel Sorter Pro 高度重疊，且無明顯熱門度或作者知名度優勢
fxfactory-motype	Yanobox Motype（v1）官方頁明示已由 Motype 2 取代（A newer version is available），僅保留給舊版系統相容，Motype 2 已收錄於 third-party.jsonl
booth-8570213	TextMotionForge 文字動畫面板，官方頁與更新歷史均無可查證日期，無法通過必填 released/updated 欄位
booth-8194849	番号呼び出しスクリプト為個人化快捷鍵編號啟動器，功能過於單一小眾
booth-8171788	ToyTools Layer Smart Select 圖層搜尋/狀態記憶工具，官方頁無可查證日期
booth-8140610	OmniTelop Suite 字幕工作流工具，官方頁僅有價格公告無可查證日期
booth-8096145	ToyTools Layer Isolator 圖層孤立化工具，官方頁無可查證日期
booth-6813457	LabelColorChanger 標籤批次改色腳本，官方頁無可查證日期
booth-6645153	OrganizeAep 素材依類型整理腳本，官方頁無可查證日期
booth-3279961	MojiDisassembler 為 Illustrator 專用文字拆解腳本，非 After Effects host
booth-1808463	VRChat 啤酒機 3D 世界互動素材，非 After Effects 工具
booth-493169	ティラノビルダー PRO 為視覺小說遊戲引擎，非 After Effects 工具
